reference,trial_row,fs,status,mechanical_status,old_elapsed_s,policy5_elapsed_s,delta_elapsed_s,old_inc,policy5_inc,delta_inc,old_newton,policy5_newton,delta_newton,old_factor,policy5_factor,delta_factor,old_reuse,policy5_reuse,delta_reuse,old_umax,policy5_umax,delta_umax,old_relres,policy5_relres,delta_relres,old_energy,policy5_energy,delta_energy,old_factor_avg_ms,policy5_factor_avg_ms,delta_factor_avg_ms,old_cutback,policy5_cutback,old_rebuild_first,policy5_rebuild_first,old_rebuild_resid,policy5_rebuild_resid,old_rebuild_stag,policy5_rebuild_stag,old_rebuild_force,policy5_rebuild_force,old_force_lsok,policy5_force_lsok,old_force_lsretry,policy5_force_lsretry,old_t_fac_ms,policy5_t_fac_ms,old_t_tan_ms,policy5_t_tan_ms,old_t_sol_ms,policy5_t_sol_ms,old_inc_now,policy5_inc_now,old_q_ls_mean,policy5_q_ls_mean,old_q_next_mean,policy5_q_next_mean
adaptive,1,1.000,CONVERGED,STABLE,0.633,0.656,0.02300000000000002,6,6,0.0,1,1,0.0,1,1,0.0,0,0,0.0,5.481E-02,5.481E-02,0.0,1.144E-13,1.144E-13,0.0,3.277E-14,3.277E-14,0.0,351.563,359.375,7.812000000000012,0,0,0,0,0,0,0,0,1,1,0,0,0,0,352,359,16,16,0,16,6,6,0.000,0.000,NA,NA
adaptive,2,1.000,CONVERGED,STABLE,0.008,0.016,0.008,0,0,0.0,0,0,0.0,0,0,0.0,0,0,0.0,5.481E-02,5.481E-02,0.0,1.144E-13,1.144E-13,0.0,3.277E-14,3.277E-14,0.0,NA,NA,,0,0,0,0,0,0,0,0,0,0,0,0,0,0,0,0,0,0,0,0,6,6,NA,NA,NA,NA
adaptive,3,1.100,CONVERGED,STABLE,0.641,0.680,0.039000000000000035,6,6,0.0,1,1,0.0,1,1,0.0,0,0,0.0,5.481E-02,5.481E-02,0.0,1.144E-13,1.144E-13,0.0,3.277E-14,3.277E-14,0.0,367.188,390.625,23.437000000000012,0,0,0,0,0,0,0,0,1,1,0,0,0,0,367,391,16,16,16,8,6,6,0.000,0.000,NA,NA
adaptive,4,1.200,CONVERGED,STABLE,1.133,1.094,-0.038999999999999924,6,6,0.0,3,3,0.0,2,2,0.0,1,1,0.0,5.481E-02,5.481E-02,0.0,3.373E-07,3.373E-07,0.0,1.709E-10,1.709E-10,0.0,386.719,367.188,-19.531000000000006,0,0,1,1,0,0,0,0,1,1,0,0,0,0,773,734,23,16,47,39,6,6,0.012,0.012,0.024,0.024
adaptive,5,1.300,CONVERGED,STABLE,1.688,1.664,-0.02400000000000002,6,6,0.0,5,5,0.0,3,3,0.0,2,2,0.0,5.481E-02,5.481E-02,0.0,6.700E-06,6.700E-06,0.0,7.763E-10,7.763E-10,0.0,408.854,403.646,-5.20799999999997,0,0,1,1,1,1,0,0,1,1,0,0,0,0,1227,1211,23,23,63,63,6,6,0.245,0.245,0.308,0.308
adaptive,6,1.400,CONVERGED,STABLE,2.188,2.148,-0.040000000000000036,6,6,0.0,8,8,0.0,4,4,0.0,4,4,0.0,5.481E-02,5.481E-02,0.0,3.448E-06,3.448E-06,0.0,7.311E-11,7.311E-11,0.0,404.297,390.625,-13.672000000000025,0,0,2,2,0,0,1,1,1,1,0,0,0,0,1617,1563,23,39,109,102,6,6,0.138,0.138,0.196,0.196
adaptive,7,1.500,CONVERGED,STABLE,3.203,3.195,-0.008000000000000007,6,6,0.0,13,13,0.0,6,6,0.0,7,7,0.0,5.481E-02,5.481E-02,0.0,6.668E-06,6.668E-06,0.0,2.278E-10,2.278E-10,0.0,384.115,401.042,16.926999999999964,0,0,2,2,2,2,1,1,1,1,0,0,0,0,2305,2406,55,31,188,188,6,6,0.317,0.317,0.343,0.343
adaptive,8,1.600,CONVERGED,STABLE,3.758,3.656,-0.10199999999999987,6,6,0.0,13,13,0.0,7,7,0.0,6,6,0.0,5.480E-02,5.480E-02,0.0,8.193E-06,8.193E-06,0.0,8.503E-10,8.503E-10,0.0,395.089,404.018,8.928999999999974,0,0,2,2,1,1,2,2,2,2,1,1,0,0,2766,2828,47,63,219,172,6,6,0.362,0.362,0.300,0.300
adaptive,9,1.700,CONVERGED,STABLE,7.359,6.125,-1.234,7,7,0.0,23,23,0.0,14,12,-2.0,9,11,2.0,5.470E-02,5.470E-02,0.0,7.851E-07,7.851E-07,0.0,2.463E-10,2.463E-10,0.0,392.857,406.250,13.392999999999972,0,0,4,2,3,3,2,2,2,2,1,1,0,0,5500,4875,180,78,352,266,7,7,0.352,0.352,0.410,0.410
adaptive,10,1.800,CONVERGED,STABLE,9.773,8.281,-1.491999999999999,7,7,0.0,30,30,0.0,18,16,-2.0,12,14,2.0,5.461E-02,5.461E-02,0.0,5.453E-06,5.467E-06,1.4000000000000205e-08,3.474E-09,3.483E-09,8.999999999999866e-12,417.969,395.996,-21.973000000000013,0,0,4,2,5,5,3,3,2,2,1,1,0,0,7523,6336,289,266,414,359,7,7,0.424,0.424,0.448,0.448
adaptive,11,1.900,CONVERGED,STABLE,12.859,12.156,-0.7029999999999994,7,7,0.0,42,42,0.0,26,24,-2.0,16,18,2.0,5.491E-02,5.491E-02,0.0,6.165E-06,6.202E-06,3.6999999999999815e-08,8.121E-09,8.169E-09,4.7999999999999834e-11,383.113,395.182,12.069000000000017,0,0,4,2,11,11,4,4,4,4,3,3,0,0,9961,9484,500,398,563,547,7,7,0.539,0.539,0.560,0.560
adaptive,12,2.000,CONVERGED,STABLE,24.758,22.336,-2.4220000000000006,18,18,0.0,91,92,1.0,48,41,-7.0,43,51,8.0,5.559E-02,5.559E-02,0.0,3.067E-07,3.065E-07,-2.0000000000001503e-10,6.513E-10,6.518E-10,4.999999999999466e-13,381.673,389.482,7.809000000000026,0,0,15,8,17,17,5,5,7,7,6,6,0,0,18320,15969,1117,852,1211,1172,18,18,0.435,0.436,0.478,0.479
adaptive,13,2.100,CONVERGED,STABLE,45.148,39.945,-5.203000000000003,28,28,0.0,149,149,0.0,81,73,-8.0,68,76,8.0,5.675E-02,5.675E-02,0.0,1.429E-06,1.429E-06,0.0,7.307E-09,7.307E-09,0.0,390.625,390.625,0.0,0,0,24,16,27,27,10,10,17,17,15,15,1,1,31641,28516,2133,1914,1922,1922,28,28,0.487,0.487,0.559,0.559
adaptive,14,2.200,CONVERGED,STABLE,59.086,55.711,-3.375,45,45,0.0,227,227,0.0,109,98,-11.0,118,129,11.0,6.363E-02,6.363E-02,0.0,4.907E-07,4.907E-07,0.0,3.511E-09,3.511E-09,0.0,378.297,394.611,16.313999999999965,0,0,42,31,29,29,22,22,14,14,13,13,0,0,41234,38672,2961,2602,2742,2867,45,45,0.434,0.434,0.490,0.490
adaptive,15,2.300,FAILED,LIMIT_STATE,1059.297,771.398,-287.899,1200,788,-412.0,4589,3227,-1362.0,1842,1361,-481.0,2747,1866,-881.0,6.586E+00,3.730E+00,-2.8560000000000003,1.060E-05,8.834E-06,-1.7659999999999997e-06,0.000E+00,0.000E+00,0.0,375.645,382.439,6.79400000000004,18,6,720,537,506,314,414,391,198,115,155,98,22,10,691938,520500,58273,41711,58594,40406,1201,789,0.601,0.567,0.646,0.613
adaptive,16,2.250,CONVERGED,LIMIT_STATE,271.180,275.094,3.9139999999999873,263,263,0.0,1095,1095,0.0,491,479,-12.0,604,616,12.0,6.112E-01,6.112E-01,0.0,9.046E-06,9.046E-06,0.0,1.929E-07,1.929E-07,0.0,376.925,395.600,18.67500000000001,0,0,231,219,92,90,135,135,30,32,29,31,0,0,185070,189492,15688,14859,14008,14336,263,263,0.472,0.472,0.518,0.518
adaptive,17,2.275,CONVERGED,LIMIT_STATE,732.141,747.578,15.437000000000012,755,755,0.0,3129,3131,2.0,1297,1277,-20.0,1832,1854,22.0,3.617E+00,3.617E+00,0.0,7.561E-06,8.850E-06,1.2889999999999999e-06,8.422E-08,1.128E-07,2.858000000000001e-08,377.801,397.624,19.823000000000036,0,0,544,521,285,278,393,393,72,82,71,81,0,0,490008,507766,41422,39406,40117,40555,755,755,0.566,0.566,0.610,0.610
adaptive,18,2.288,FAILED,LIMIT_STATE,864.297,1021.094,156.79700000000003,904,904,0.0,3587,3765,178.0,1529,1793,264.0,2058,1972,-86.0,4.379E+00,4.378E+00,-0.0009999999999994458,9.141E-06,1.011E-05,9.690000000000004e-07,0.000E+00,0.000E+00,0.0,379.829,395.536,15.706999999999994,10,19,627,615,368,519,365,369,166,287,138,230,16,31,580758,709195,48422,55445,46078,48602,905,905,0.582,0.598,0.626,0.641
split,1,1.000,CONVERGED,STABLE,0.648,0.656,0.008000000000000007,6,6,0.0,1,1,0.0,1,1,0.0,0,0,0.0,5.481E-02,5.481E-02,0.0,1.144E-13,1.144E-13,0.0,3.277E-14,3.277E-14,0.0,375.000,359.375,-15.625,0,0,0,0,0,0,0,0,1,1,0,0,0,0,375,359,23,16,16,16,6,6,0.000,0.000,NA,NA
split,2,1.000,CONVERGED,STABLE,0.000,0.016,0.016,0,0,0.0,0,0,0.0,0,0,0.0,0,0,0.0,5.481E-02,5.481E-02,0.0,1.144E-13,1.144E-13,0.0,3.277E-14,3.277E-14,0.0,NA,NA,,0,0,0,0,0,0,0,0,0,0,0,0,0,0,0,0,0,0,0,0,6,6,NA,NA,NA,NA
split,3,1.100,CONVERGED,STABLE,0.641,0.680,0.039000000000000035,6,6,0.0,1,1,0.0,1,1,0.0,0,0,0.0,5.481E-02,5.481E-02,0.0,1.144E-13,1.144E-13,0.0,3.277E-14,3.277E-14,0.0,367.188,390.625,23.437000000000012,0,0,0,0,0,0,0,0,1,1,0,0,0,0,367,391,16,16,8,8,6,6,0.000,0.000,NA,NA
split,4,1.200,CONVERGED,STABLE,1.125,1.094,-0.030999999999999917,6,6,0.0,3,3,0.0,2,2,0.0,1,1,0.0,5.481E-02,5.481E-02,0.0,3.373E-07,3.373E-07,0.0,1.709E-10,1.709E-10,0.0,382.813,367.188,-15.625,0,0,1,1,0,0,0,0,1,1,0,0,0,0,766,734,16,16,47,39,6,6,0.012,0.012,0.024,0.024
split,5,1.300,CONVERGED,STABLE,1.602,1.664,0.06199999999999983,6,6,0.0,5,5,0.0,3,3,0.0,2,2,0.0,5.481E-02,5.481E-02,0.0,6.700E-06,6.700E-06,0.0,7.763E-10,7.763E-10,0.0,390.625,403.646,13.021000000000015,0,0,1,1,1,1,0,0,1,1,0,0,0,0,1172,1211,23,23,55,63,6,6,0.245,0.245,0.308,0.308
split,6,1.400,CONVERGED,STABLE,2.047,2.148,0.10099999999999998,6,6,0.0,8,8,0.0,4,4,0.0,4,4,0.0,5.481E-02,5.481E-02,0.0,3.448E-06,3.448E-06,0.0,7.311E-11,7.311E-11,0.0,382.813,390.625,7.812000000000012,0,0,2,2,0,0,1,1,1,1,0,0,0,0,1531,1563,23,39,63,102,6,6,0.138,0.138,0.196,0.196
split,7,1.500,CONVERGED,STABLE,3.094,3.195,0.10099999999999998,6,6,0.0,13,13,0.0,6,6,0.0,7,7,0.0,5.481E-02,5.481E-02,0.0,6.668E-06,6.668E-06,0.0,2.278E-10,2.278E-10,0.0,389.323,401.042,11.718999999999994,0,0,2,2,2,2,1,1,1,1,0,0,0,0,2336,2406,47,31,188,188,6,6,0.317,0.317,0.343,0.343
split,8,1.600,CONVERGED,STABLE,3.492,3.656,0.16400000000000015,6,6,0.0,13,13,0.0,7,7,0.0,6,6,0.0,5.480E-02,5.480E-02,0.0,8.193E-06,8.193E-06,0.0,8.503E-10,8.503E-10,0.0,377.232,404.018,26.785999999999945,0,0,2,2,1,1,2,2,2,2,1,1,0,0,2641,2828,70,63,164,172,6,6,0.362,0.362,0.300,0.300
split,9,1.700,CONVERGED,STABLE,5.828,6.125,0.2969999999999997,7,7,0.0,23,23,0.0,12,12,0.0,11,11,0.0,5.470E-02,5.470E-02,0.0,7.851E-07,7.851E-07,0.0,2.463E-10,2.463E-10,0.0,373.698,406.250,32.55200000000002,0,0,2,2,3,3,2,2,2,2,1,1,0,0,4484,4875,133,78,305,266,7,7,0.352,0.352,0.410,0.410
split,10,1.800,CONVERGED,STABLE,8.313,8.281,-0.03200000000000003,7,7,0.0,30,30,0.0,17,16,-1.0,13,14,1.0,5.461E-02,5.461E-02,0.0,5.453E-06,5.467E-06,1.4000000000000205e-08,3.474E-09,3.483E-09,8.999999999999866e-12,376.838,395.996,19.15799999999996,0,0,3,2,5,5,3,3,2,2,1,1,0,0,6406,6336,242,266,430,359,7,7,0.424,0.424,0.448,0.448
split,11,1.900,CONVERGED,STABLE,12.492,12.156,-0.3360000000000003,7,7,0.0,42,42,0.0,25,24,-1.0,17,18,1.0,5.491E-02,5.491E-02,0.0,6.165E-06,6.202E-06,3.6999999999999815e-08,8.121E-09,8.169E-09,4.7999999999999834e-11,391.250,395.182,3.9320000000000164,0,0,3,2,11,11,4,4,4,4,3,3,0,0,9781,9484,477,398,523,547,7,7,0.539,0.539,0.560,0.560
split,12,2.000,CONVERGED,STABLE,24.500,22.336,-2.1640000000000015,18,18,0.0,92,92,0.0,46,41,-5.0,46,51,5.0,5.559E-02,5.559E-02,0.0,3.065E-07,3.065E-07,0.0,6.518E-10,6.518E-10,0.0,393.852,389.482,-4.369999999999948,0,0,13,8,17,17,5,5,7,7,6,6,0,0,18117,15969,1023,852,1180,1172,18,18,0.436,0.436,0.479,0.479
split,13,2.100,CONVERGED,STABLE,41.641,39.945,-1.695999999999998,28,28,0.0,149,149,0.0,78,73,-5.0,71,76,5.0,5.675E-02,5.675E-02,0.0,1.429E-06,1.429E-06,0.0,7.307E-09,7.307E-09,0.0,388.121,390.625,2.504000000000019,0,0,21,16,27,27,10,10,17,17,15,15,1,1,30273,28516,2086,1914,1852,1922,28,28,0.487,0.487,0.559,0.559
split,14,2.200,CONVERGED,STABLE,57.273,55.711,-1.5620000000000047,45,45,0.0,227,227,0.0,104,98,-6.0,123,129,6.0,6.363E-02,6.363E-02,0.0,4.907E-07,4.907E-07,0.0,3.511E-09,3.511E-09,0.0,386.268,394.611,8.343000000000018,0,0,37,31,29,29,22,22,14,14,13,13,0,0,40172,38672,2750,2602,2930,2867,45,45,0.434,0.434,0.490,0.490
split,15,2.300,FAILED,LIMIT_STATE,776.781,771.398,-5.3829999999999245,788,788,0.0,3225,3227,2.0,1381,1361,-20.0,1844,1866,22.0,3.730E+00,3.730E+00,0.0,8.834E-06,8.834E-06,0.0,0.000E+00,0.000E+00,0.0,379.656,382.439,2.7830000000000155,6,6,559,537,316,314,391,391,111,115,96,98,8,10,524305,520500,43961,41711,41117,40406,789,789,0.567,0.567,0.613,0.613
split,16,2.250,CONVERGED,LIMIT_STATE,269.367,275.094,5.726999999999975,263,263,0.0,1095,1095,0.0,489,479,-10.0,606,616,10.0,6.112E-01,6.112E-01,0.0,9.046E-06,9.046E-06,0.0,1.929E-07,1.929E-07,0.0,376.390,395.600,19.210000000000036,0,0,229,219,90,90,135,135,32,32,31,31,0,0,184055,189492,15555,14859,13734,14336,263,263,0.472,0.472,0.518,0.518
split,17,2.275,CONVERGED,LIMIT_STATE,732.914,747.578,14.663999999999987,755,755,0.0,3129,3131,2.0,1305,1277,-28.0,1824,1854,30.0,3.617E+00,3.617E+00,0.0,8.828E-06,8.850E-06,2.2000000000000806e-08,1.121E-07,1.128E-07,6.999999999999997e-10,378.927,397.624,18.697000000000003,0,0,549,521,280,278,392,393,81,82,80,81,0,0,494500,507766,41367,39406,39773,40555,755,755,0.566,0.566,0.610,0.610
split,18,2.288,FAILED,LIMIT_STATE,1185.219,1021.094,-164.125,1215,904,-311.0,4758,3765,-993.0,2115,1793,-322.0,2643,1972,-671.0,6.681E+00,4.378E+00,-2.303,1.038E-05,1.011E-05,-2.700000000000008e-07,0.000E+00,0.000E+00,0.0,378.982,395.536,16.553999999999974,18,19,755,615,651,519,375,369,331,287,276,230,29,31,801547,709195,65414,55445,60344,48602,1216,905,0.615,0.598,0.659,0.641
policy3,1,1.000,CONVERGED,STABLE,0.641,0.656,0.015000000000000013,6,6,0.0,1,1,0.0,1,1,0.0,0,0,0.0,5.481E-02,5.481E-02,0.0,1.144E-13,1.144E-13,0.0,3.277E-14,3.277E-14,0.0,359.375,359.375,0.0,0,0,0,0,0,0,0,0,1,1,0,0,0,0,359,359,16,16,16,16,6,6,0.000,0.000,NA,NA
policy3,2,1.000,CONVERGED,STABLE,0.008,0.016,0.008,0,0,0.0,0,0,0.0,0,0,0.0,0,0,0.0,5.481E-02,5.481E-02,0.0,1.144E-13,1.144E-13,0.0,3.277E-14,3.277E-14,0.0,NA,NA,,0,0,0,0,0,0,0,0,0,0,0,0,0,0,0,0,0,0,0,0,6,6,NA,NA,NA,NA
policy3,3,1.100,CONVERGED,STABLE,0.641,0.680,0.039000000000000035,6,6,0.0,1,1,0.0,1,1,0.0,0,0,0.0,5.481E-02,5.481E-02,0.0,1.144E-13,1.144E-13,0.0,3.277E-14,3.277E-14,0.0,367.188,390.625,23.437000000000012,0,0,0,0,0,0,0,0,1,1,0,0,0,0,367,391,16,16,16,8,6,6,0.000,0.000,NA,NA
policy3,4,1.200,CONVERGED,STABLE,1.133,1.094,-0.038999999999999924,6,6,0.0,3,3,0.0,2,2,0.0,1,1,0.0,5.481E-02,5.481E-02,0.0,3.373E-07,3.373E-07,0.0,1.709E-10,1.709E-10,0.0,382.813,367.188,-15.625,0,0,1,1,0,0,0,0,1,1,0,0,0,0,766,734,16,16,31,39,6,6,0.012,0.012,0.024,0.024
policy3,5,1.300,CONVERGED,STABLE,1.617,1.664,0.04699999999999993,6,6,0.0,5,5,0.0,3,3,0.0,2,2,0.0,5.481E-02,5.481E-02,0.0,6.700E-06,6.700E-06,0.0,7.763E-10,7.763E-10,0.0,393.229,403.646,10.41700000000003,0,0,1,1,1,1,0,0,1,1,0,0,0,0,1180,1211,16,23,63,63,6,6,0.245,0.245,0.308,0.308
policy3,6,1.400,CONVERGED,STABLE,2.086,2.148,0.06200000000000028,6,6,0.0,8,8,0.0,4,4,0.0,4,4,0.0,5.481E-02,5.481E-02,0.0,3.448E-06,3.448E-06,0.0,7.311E-11,7.311E-11,0.0,380.859,390.625,9.76600000000002,0,0,2,2,0,0,1,1,1,1,0,0,0,0,1523,1563,16,39,133,102,6,6,0.138,0.138,0.196,0.196
policy3,7,1.500,CONVERGED,STABLE,3.039,3.195,0.1559999999999997,6,6,0.0,13,13,0.0,6,6,0.0,7,7,0.0,5.481E-02,5.481E-02,0.0,6.668E-06,6.668E-06,0.0,2.278E-10,2.278E-10,0.0,377.604,401.042,23.437999999999988,0,0,2,2,2,2,1,1,1,1,0,0,0,0,2266,2406,39,31,180,188,6,6,0.317,0.317,0.343,0.343
policy3,8,1.600,CONVERGED,STABLE,3.555,3.656,0.10099999999999998,6,6,0.0,13,13,0.0,7,7,0.0,6,6,0.0,5.480E-02,5.480E-02,0.0,8.193E-06,8.193E-06,0.0,8.503E-10,8.503E-10,0.0,390.625,404.018,13.392999999999972,0,0,2,2,1,1,2,2,2,2,1,1,0,0,2734,2828,55,63,133,172,6,6,0.362,0.362,0.300,0.300
policy3,9,1.700,CONVERGED,STABLE,5.883,6.125,0.242,7,7,0.0,23,23,0.0,12,12,0.0,11,11,0.0,5.470E-02,5.470E-02,0.0,7.851E-07,7.851E-07,0.0,2.463E-10,2.463E-10,0.0,379.557,406.250,26.692999999999984,0,0,2,2,3,3,2,2,2,2,1,1,0,0,4555,4875,125,78,320,266,7,7,0.352,0.352,0.410,0.410
policy3,10,1.800,CONVERGED,STABLE,8.234,8.281,0.0470000000000006,7,7,0.0,30,30,0.0,16,16,0.0,14,14,0.0,5.461E-02,5.461E-02,0.0,5.467E-06,5.467E-06,0.0,3.483E-09,3.483E-09,0.0,395.508,395.996,0.48799999999999955,0,0,2,2,5,5,3,3,2,2,1,1,0,0,6328,6336,188,266,438,359,7,7,0.424,0.424,0.448,0.448
policy3,11,1.900,CONVERGED,STABLE,11.867,12.156,0.2889999999999997,7,7,0.0,42,42,0.0,24,24,0.0,18,18,0.0,5.491E-02,5.491E-02,0.0,6.202E-06,6.202E-06,0.0,8.169E-09,8.169E-09,0.0,384.115,395.182,11.067000000000007,0,0,2,2,11,11,4,4,4,4,3,3,0,0,9219,9484,438,398,484,547,7,7,0.539,0.539,0.560,0.560
policy3,12,2.000,CONVERGED,STABLE,22.438,22.336,-0.10200000000000031,18,18,0.0,92,92,0.0,41,41,0.0,51,51,0.0,5.559E-02,5.559E-02,0.0,3.065E-07,3.065E-07,0.0,6.518E-10,6.518E-10,0.0,396.341,389.482,-6.8589999999999804,0,0,8,8,17,17,5,5,7,7,6,6,0,0,16250,15969,852,852,1086,1172,18,18,0.436,0.436,0.479,0.479
policy3,13,2.100,CONVERGED,STABLE,39.688,39.945,0.2569999999999979,28,28,0.0,149,149,0.0,73,73,0.0,76,76,0.0,5.675E-02,5.675E-02,0.0,1.429E-06,1.429E-06,0.0,7.307E-09,7.307E-09,0.0,387.842,390.625,2.7830000000000155,0,0,16,16,27,27,10,10,17,17,15,15,1,1,28313,28516,2000,1914,1930,1922,28,28,0.487,0.487,0.559,0.559
policy3,14,2.200,CONVERGED,STABLE,54.953,55.711,0.7579999999999956,45,45,0.0,227,227,0.0,98,98,0.0,129,129,0.0,6.363E-02,6.363E-02,0.0,4.907E-07,4.907E-07,0.0,3.511E-09,3.511E-09,0.0,388.712,394.611,5.899000000000001,0,0,31,31,29,29,22,22,14,14,13,13,0,0,38094,38672,2586,2602,2922,2867,45,45,0.434,0.434,0.490,0.490
policy3,15,2.300,FAILED,LIMIT_STATE,778.305,771.398,-6.906999999999925,788,788,0.0,3227,3227,0.0,1361,1361,0.0,1866,1866,0.0,3.730E+00,3.730E+00,0.0,8.834E-06,8.834E-06,0.0,0.000E+00,0.000E+00,0.0,388.650,382.439,-6.210999999999956,6,6,537,537,314,314,391,391,115,115,98,98,10,10,528953,520500,42367,41711,40883,40406,789,789,0.567,0.567,0.613,0.613
policy3,16,2.250,CONVERGED,LIMIT_STATE,268.594,275.094,6.5,263,263,0.0,1095,1095,0.0,479,479,0.0,616,616,0.0,6.112E-01,6.112E-01,0.0,9.046E-06,9.046E-06,0.0,1.929E-07,1.929E-07,0.0,385.112,395.600,10.488,0,0,219,219,90,90,135,135,32,32,31,31,0,0,184469,189492,15094,14859,13781,14336,263,263,0.472,0.472,0.518,0.518
policy3,17,2.275,CONVERGED,LIMIT_STATE,729.008,747.578,18.569999999999936,755,755,0.0,3131,3131,0.0,1277,1277,0.0,1854,1854,0.0,3.617E+00,3.617E+00,0.0,8.850E-06,8.850E-06,0.0,1.128E-07,1.128E-07,0.0,386.612,397.624,11.012,0,0,521,521,278,278,393,393,82,82,81,81,0,0,493703,507766,39695,39406,39992,40555,755,755,0.566,0.566,0.610,0.610
policy3,18,2.288,FAILED,LIMIT_STATE,996.836,1021.094,24.258000000000038,904,904,0.0,3765,3765,0.0,1793,1793,0.0,1972,1972,0.0,4.378E+00,4.378E+00,0.0,1.011E-05,1.011E-05,0.0,0.000E+00,0.000E+00,0.0,384.429,395.536,11.107000000000028,19,19,615,615,519,519,369,369,287,287,230,230,31,31,689281,709195,55805,55445,47477,48602,905,905,0.598,0.598,0.641,0.641
policy4,1,1.000,CONVERGED,STABLE,0.631,0.656,0.025000000000000022,6,6,0.0,1,1,0.0,1,1,0.0,0,0,0.0,5.481E-02,5.481E-02,0.0,1.144E-13,1.144E-13,0.0,3.277E-14,3.277E-14,0.0,367.188,359.375,-7.812999999999988,0,0,0,0,0,0,0,0,1,1,0,0,0,0,367,359,14,16,12,16,6,6,0.000,0.000,NA,NA
policy4,2,1.000,CONVERGED,STABLE,0.010,0.016,0.006,0,0,0.0,0,0,0.0,0,0,0.0,0,0,0.0,5.481E-02,5.481E-02,0.0,1.144E-13,1.144E-13,0.0,3.277E-14,3.277E-14,0.0,NA,NA,,0,0,0,0,0,0,0,0,0,0,0,0,0,0,0,0,0,0,0,0,6,6,NA,NA,NA,NA
policy4,3,1.100,CONVERGED,STABLE,0.633,0.680,0.04700000000000004,6,6,0.0,1,1,0.0,1,1,0.0,0,0,0.0,5.481E-02,5.481E-02,0.0,1.144E-13,1.144E-13,0.0,3.277E-14,3.277E-14,0.0,355.469,390.625,35.156000000000006,0,0,0,0,0,0,0,0,1,1,0,0,0,0,355,391,14,16,16,8,6,6,0.000,0.000,NA,NA
policy4,4,1.200,CONVERGED,STABLE,1.129,1.094,-0.03499999999999992,6,6,0.0,3,3,0.0,2,2,0.0,1,1,0.0,5.481E-02,5.481E-02,0.0,3.373E-07,3.373E-07,0.0,1.709E-10,1.709E-10,0.0,383.789,367.188,-16.601,0,0,1,1,0,0,0,0,1,1,0,0,0,0,768,734,4,16,29,39,6,6,0.012,0.012,0.024,0.024
policy4,5,1.300,CONVERGED,STABLE,1.646,1.664,0.018000000000000016,6,6,0.0,5,5,0.0,3,3,0.0,2,2,0.0,5.481E-02,5.481E-02,0.0,6.700E-06,6.700E-06,0.0,7.763E-10,7.763E-10,0.0,397.786,403.646,5.860000000000014,0,0,1,1,1,1,0,0,1,1,0,0,0,0,1193,1211,14,23,86,63,6,6,0.245,0.245,0.308,0.308
policy4,6,1.400,CONVERGED,STABLE,2.059,2.148,0.08899999999999997,6,6,0.0,8,8,0.0,4,4,0.0,4,4,0.0,5.481E-02,5.481E-02,0.0,3.448E-06,3.448E-06,0.0,7.311E-11,7.311E-11,0.0,375.000,390.625,15.625,0,0,2,2,0,0,1,1,1,1,0,0,0,0,1500,1563,51,39,109,102,6,6,0.138,0.138,0.196,0.196
policy4,7,1.500,CONVERGED,STABLE,3.131,3.195,0.06400000000000006,6,6,0.0,13,13,0.0,6,6,0.0,7,7,0.0,5.481E-02,5.481E-02,0.0,6.668E-06,6.668E-06,0.0,2.278E-10,2.278E-10,0.0,398.438,401.042,2.603999999999985,0,0,2,2,2,2,1,1,1,1,0,0,0,0,2391,2406,16,31,170,188,6,6,0.317,0.317,0.343,0.343
policy4,8,1.600,CONVERGED,STABLE,3.666,3.656,-0.009999999999999787,6,6,0.0,13,13,0.0,7,7,0.0,6,6,0.0,5.480E-02,5.480E-02,0.0,8.193E-06,8.193E-06,0.0,8.503E-10,8.503E-10,0.0,404.018,404.018,0.0,0,0,2,2,1,1,2,2,2,2,1,1,0,0,2828,2828,49,63,154,172,6,6,0.362,0.362,0.300,0.300
policy4,9,1.700,CONVERGED,STABLE,6.197,6.125,-0.07200000000000006,7,7,0.0,23,23,0.0,12,12,0.0,11,11,0.0,5.470E-02,5.470E-02,0.0,7.851E-07,7.851E-07,0.0,2.463E-10,2.463E-10,0.0,389.486,406.250,16.76400000000001,0,0,2,2,3,3,2,2,2,2,1,1,0,0,4674,4875,113,78,289,266,7,7,0.352,0.352,0.410,0.410
policy4,10,1.800,CONVERGED,STABLE,8.166,8.281,0.11500000000000021,7,7,0.0,30,30,0.0,16,16,0.0,14,14,0.0,5.461E-02,5.461E-02,0.0,5.467E-06,5.467E-06,0.0,3.483E-09,3.483E-09,0.0,394.775,395.996,1.2210000000000036,0,0,2,2,5,5,3,3,2,2,1,1,0,0,6316,6336,219,266,371,359,7,7,0.424,0.424,0.448,0.448
policy4,11,1.900,CONVERGED,STABLE,12.074,12.156,0.08200000000000074,7,7,0.0,42,42,0.0,24,24,0.0,18,18,0.0,5.491E-02,5.491E-02,0.0,6.202E-06,6.202E-06,0.0,8.169E-09,8.169E-09,0.0,389.648,395.182,5.533999999999992,0,0,2,2,11,11,4,4,4,4,3,3,0,0,9352,9484,461,398,545,547,7,7,0.539,0.539,0.560,0.560
policy4,12,2.000,CONVERGED,STABLE,22.637,22.336,-0.30100000000000193,18,18,0.0,92,92,0.0,41,41,0.0,51,51,0.0,5.559E-02,5.559E-02,0.0,3.065E-07,3.065E-07,0.0,6.518E-10,6.518E-10,0.0,398.866,389.482,-9.383999999999958,0,0,8,8,17,17,5,5,7,7,6,6,0,0,16354,15969,893,852,1199,1172,18,18,0.436,0.436,0.479,0.479
policy4,13,2.100,CONVERGED,STABLE,40.051,39.945,-0.10600000000000165,28,28,0.0,149,149,0.0,73,73,0.0,76,76,0.0,5.675E-02,5.675E-02,0.0,1.429E-06,1.429E-06,0.0,7.307E-09,7.307E-09,0.0,393.301,390.625,-2.6759999999999877,0,0,16,16,27,27,10,10,17,17,15,15,1,1,28711,28516,1887,1914,1943,1922,28,28,0.487,0.487,0.559,0.559
policy4,14,2.200,CONVERGED,STABLE,55.330,55.711,0.3810000000000002,45,45,0.0,227,227,0.0,98,98,0.0,129,129,0.0,6.363E-02,6.363E-02,0.0,4.907E-07,4.907E-07,0.0,3.511E-09,3.511E-09,0.0,392.638,394.611,1.9730000000000132,0,0,31,31,29,29,22,22,14,14,13,13,0,0,38479,38672,2602,2602,2879,2867,45,45,0.434,0.434,0.490,0.490
policy4,15,2.300,FAILED,LIMIT_STATE,786.406,771.398,-15.007999999999925,788,788,0.0,3223,3227,4.0,1358,1361,3.0,1865,1866,1.0,3.730E+00,3.730E+00,0.0,8.834E-06,8.834E-06,0.0,0.000E+00,0.000E+00,0.0,395.869,382.439,-13.430000000000007,6,6,538,537,314,314,391,391,111,115,96,98,9,10,537590,520500,42293,41711,41938,40406,789,789,0.567,0.567,0.613,0.613
policy4,16,2.250,CONVERGED,LIMIT_STATE,273.092,275.094,2.0020000000000095,263,263,0.0,1095,1095,0.0,479,479,0.0,616,616,0.0,6.112E-01,6.112E-01,0.0,9.046E-06,9.046E-06,0.0,1.929E-07,1.929E-07,0.0,394.478,395.600,1.122000000000014,0,0,219,219,90,90,135,135,32,32,31,31,0,0,188955,189492,15123,14859,14125,14336,263,263,0.472,0.472,0.518,0.518
policy4,17,2.275,CONVERGED,LIMIT_STATE,741.559,747.578,6.0190000000000055,755,755,0.0,3131,3131,0.0,1278,1277,-1.0,1853,1854,1.0,3.617E+00,3.617E+00,0.0,8.832E-06,8.850E-06,1.8000000000000505e-08,1.127E-07,1.128E-07,1.0000000000000751e-10,396.437,397.624,1.1870000000000118,0,0,523,521,280,278,393,393,79,82,78,81,0,0,506646,507766,39805,39406,40527,40555,755,755,0.566,0.566,0.610,0.610
policy4,18,2.288,FAILED,LIMIT_STATE,1164.771,1021.094,-143.6769999999999,1198,904,-294.0,4706,3765,-941.0,2050,1793,-257.0,2656,1972,-684.0,6.689E+00,4.378E+00,-2.311,1.010E-05,1.011E-05,9.999999999999904e-09,0.000E+00,0.000E+00,0.0,383.508,395.536,12.02800000000002,18,19,725,615,656,519,368,369,298,287,243,230,30,31,786191,709195,63563,55445,60207,48602,1199,905,0.613,0.598,0.658,0.641
