variant,fs,numerical_status,mechanical_status,elapsed_s,inc,newton,factor,reuse,umax,relres,energy
V0,1.000,CONVERGED,STABLE,0.703,6,6,1,5,5.481E-02,2.000E-14,5.096E-15
V0,1.000,CONVERGED,STABLE,0.008,0,0,0,0,5.481E-02,2.000E-14,5.096E-15
V0,1.100,CONVERGED,STABLE,0.727,6,6,1,5,5.481E-02,2.000E-14,5.096E-15
V0,1.200,CONVERGED,STABLE,1.234,6,9,2,7,5.481E-02,2.424E-07,1.003E-10
V0,1.300,CONVERGED,STABLE,1.633,6,10,3,7,5.481E-02,6.700E-06,7.763E-10
V0,1.400,CONVERGED,STABLE,2.648,6,14,5,9,5.481E-02,6.151E-06,9.385E-11
V0,1.500,CONVERGED,STABLE,3.570,7,18,7,11,5.481E-02,5.835E-07,6.104E-10
V0,1.600,CONVERGED,STABLE,5.781,7,23,12,11,5.480E-02,9.647E-06,5.590E-08
V0,1.700,CONVERGED,STABLE,7.391,7,30,15,15,5.470E-02,3.706E-07,3.300E-11
V0,1.800,CONVERGED,STABLE,10.102,7,37,21,16,5.461E-02,5.453E-06,3.475E-09
V0,1.900,CONVERGED,STABLE,24.969,17,86,50,36,5.491E-02,3.169E-06,1.650E-09
V0,2.000,CONVERGED,STABLE,28.070,21,110,55,55,5.559E-02,9.965E-06,1.004E-07
V0,2.100,CONVERGED,STABLE,56.688,45,211,103,108,5.674E-02,2.669E-08,1.665E-10
V0,2.200,CONVERGED,STABLE,88.133,63,306,146,160,6.362E-02,1.129E-06,1.860E-09
V0,2.300,FAILED,LIMIT_STATE,951.219,707,2811,1816,995,1.617E+00,1.091E-05,0.000E+00
V0,2.250,CONVERGED,LIMIT_STATE,442.695,436,1640,855,785,6.111E-01,9.949E-06,2.261E-07
V0,2.275,FAILED,LIMIT_STATE,1699.336,1136,4559,3358,1201,3.099E+00,1.266E-05,0.000E+00
V0,2.263,CONVERGED,LIMIT_STATE,804.734,676,2548,1566,982,1.434E+00,4.933E-06,2.131E-07
V1+V2a+V4,1.000,CONVERGED,STABLE,0.625,6,1,1,0,5.481E-02,1.144E-13,3.277E-14
V1+V2a+V4,1.000,CONVERGED,STABLE,0.016,0,0,0,0,5.481E-02,1.144E-13,3.277E-14
V1+V2a+V4,1.100,CONVERGED,STABLE,0.633,6,1,1,0,5.481E-02,1.144E-13,3.277E-14
V1+V2a+V4,1.200,CONVERGED,STABLE,1.070,6,3,2,1,5.481E-02,3.373E-07,1.709E-10
V1+V2a+V4,1.300,CONVERGED,STABLE,1.586,6,5,3,2,5.481E-02,6.700E-06,7.763E-10
V1+V2a+V4,1.400,CONVERGED,STABLE,1.672,6,6,3,3,5.481E-02,9.015E-06,7.501E-09
V1+V2a+V4,1.500,CONVERGED,STABLE,2.727,6,11,5,6,5.481E-02,7.337E-06,2.375E-09
V1+V2a+V4,1.600,CONVERGED,STABLE,3.523,6,13,7,6,5.480E-02,7.297E-07,4.557E-11
V1+V2a+V4,1.700,CONVERGED,STABLE,5.047,6,17,10,7,5.470E-02,6.992E-06,2.784E-10
V1+V2a+V4,1.800,CONVERGED,STABLE,8.180,7,28,16,12,5.461E-02,3.295E-06,3.140E-10
V1+V2a+V4,1.900,CONVERGED,STABLE,12.289,7,40,25,15,5.491E-02,6.544E-06,7.054E-09
V1+V2a+V4,2.000,CONVERGED,STABLE,19.484,15,74,37,37,5.559E-02,8.439E-07,3.899E-11
V1+V2a+V4,2.100,CONVERGED,STABLE,42.516,28,148,80,68,5.675E-02,1.429E-06,7.307E-09
V1+V2a+V4,2.200,CONVERGED,STABLE,58.016,45,223,107,116,6.363E-02,4.907E-07,3.511E-09
V1+V2a+V4,2.300,FAILED,LIMIT_STATE,755.969,740,3062,1280,1782,3.730E+00,9.969E-06,0.000E+00
V1+V2a+V4,2.250,CONVERGED,LIMIT_STATE,272.727,266,1075,473,602,6.112E-01,9.629E-06,2.124E-07
V1+V2a+V4,2.275,CONVERGED,LIMIT_STATE,786.172,765,3094,1355,1739,3.617E+00,6.906E-06,1.013E-07
V1+V2a+V4,2.288,FAILED,LIMIT_STATE,1690.961,1306,5374,2913,2461,6.682E+00,1.039E-05,0.000E+00
V1+V2a,1.000,CONVERGED,STABLE,0.621,6,1,1,0,5.481E-02,1.144E-13,3.277E-14
V1+V2a,1.000,CONVERGED,STABLE,0.016,0,0,0,0,5.481E-02,1.144E-13,3.277E-14
V1+V2a,1.100,CONVERGED,STABLE,0.649,6,1,1,0,5.481E-02,1.144E-13,3.277E-14
V1+V2a,1.200,CONVERGED,STABLE,1.098,6,3,2,1,5.481E-02,3.373E-07,1.709E-10
V1+V2a,1.300,CONVERGED,STABLE,1.592,6,5,3,2,5.481E-02,6.700E-06,7.763E-10
V1+V2a,1.400,CONVERGED,STABLE,2.036,6,8,4,4,5.481E-02,3.448E-06,7.311E-11
V1+V2a,1.500,CONVERGED,STABLE,3.011,6,13,6,7,5.481E-02,6.668E-06,2.278E-10
V1+V2a,1.600,CONVERGED,STABLE,3.432,6,13,7,6,5.480E-02,8.193E-06,8.503E-10
V1+V2a,1.700,CONVERGED,STABLE,6.748,7,23,14,9,5.470E-02,7.851E-07,2.463E-10
V1+V2a,1.800,CONVERGED,STABLE,8.917,7,30,18,12,5.461E-02,5.453E-06,3.474E-09
V1+V2a,1.900,CONVERGED,STABLE,12.592,7,42,26,16,5.491E-02,6.165E-06,8.121E-09
V1+V2a,2.000,CONVERGED,STABLE,24.569,18,91,48,43,5.559E-02,3.067E-07,6.513E-10
V1+V2a,2.100,CONVERGED,STABLE,41.968,28,149,81,68,5.675E-02,1.429E-06,7.307E-09
V1+V2a,2.200,CONVERGED,STABLE,58.538,45,227,109,118,6.363E-02,4.907E-07,3.511E-09
V1+V2a,2.300,FAILED,LIMIT_STATE,1075.360,1185,4629,1861,2768,6.588E+00,8.216E-06,0.000E+00
V1+V2a,2.250,CONVERGED,LIMIT_STATE,269.381,263,1095,490,605,6.112E-01,9.046E-06,1.929E-07
V1+V2a,2.275,CONVERGED,LIMIT_STATE,721.184,755,3132,1290,1842,3.617E+00,7.561E-06,8.422E-08
V1+V2a,2.288,FAILED,LIMIT_STATE,863.958,906,3620,1535,2085,4.381E+00,9.248E-06,0.000E+00
V2a+V4,1.000,CONVERGED,STABLE,0.749,6,6,1,5,5.481E-02,2.000E-14,5.096E-15
V2a+V4,1.000,CONVERGED,STABLE,0.000,0,0,0,0,5.481E-02,2.000E-14,5.096E-15
V2a+V4,1.100,CONVERGED,STABLE,0.754,6,6,1,5,5.481E-02,2.000E-14,5.096E-15
V2a+V4,1.200,CONVERGED,STABLE,1.249,6,9,2,7,5.481E-02,2.424E-07,1.003E-10
V2a+V4,1.300,CONVERGED,STABLE,1.706,6,10,3,7,5.481E-02,6.700E-06,7.763E-10
V2a+V4,1.400,CONVERGED,STABLE,2.239,6,13,4,9,5.481E-02,3.437E-06,9.602E-12
V2a+V4,1.500,CONVERGED,STABLE,2.945,7,16,5,11,5.481E-02,2.762E-06,1.145E-08
V2a+V4,1.600,CONVERGED,STABLE,5.289,7,21,11,10,5.480E-02,9.647E-06,5.590E-08
V2a+V4,1.700,CONVERGED,STABLE,6.427,7,28,13,15,5.470E-02,7.851E-07,2.463E-10
V2a+V4,1.800,CONVERGED,STABLE,9.825,7,37,20,17,5.461E-02,5.453E-06,3.475E-09
V2a+V4,1.900,CONVERGED,STABLE,22.647,17,87,44,43,5.491E-02,2.384E-06,3.943E-10
V2a+V4,2.000,CONVERGED,STABLE,23.156,16,95,43,52,5.559E-02,9.729E-07,6.869E-10
V2a+V4,2.100,CONVERGED,STABLE,49.415,45,210,92,118,5.674E-02,2.669E-08,1.665E-10
V2a+V4,2.200,CONVERGED,STABLE,69.850,63,305,126,179,6.362E-02,1.132E-06,1.837E-09
V2a+V4,2.300,FAILED,LIMIT_STATE,1416.012,1116,4463,2629,1834,2.817E+00,1.157E-05,0.000E+00
V2a+V4,2.250,CONVERGED,LIMIT_STATE,405.148,443,1736,704,1032,6.111E-01,5.151E-06,1.158E-07
V2a+V4,2.275,FAILED,LIMIT_STATE,949.633,798,3288,1727,1561,1.937E+00,1.424E-05,0.000E+00
V2a+V4,2.263,CONVERGED,LIMIT_STATE,712.611,676,2643,1282,1361,1.434E+00,8.979E-06,1.360E-07
