case,flow_policy,role,status,critical_fos_mid,fos_pass,fos_fail,fos_mid,reference_low,reference_high,reference_screen,reference_assessment,failure_kind,failed_lambda,relative_residual,geometry_state_basis,max_component_mm,max_vector_mm,max_absolute_small_strain,min_deformed_gradient_det,elapsed_seconds
griffiths_1999_foundation_critical14,INCONSISTENT,baseline_flow_run,NONCONVERGED|非関連流れの全体反復が停滞しました。残差が許容値に達していないため増分を縮小します。,,1.3000000000000003,0,0,1.35,1.4,False,NOT_ESTABLISHED,GLOBAL_STAGNATION,0.9120992012023926,1.0037756187202572e-05,partial-load failed-trial diagnostic; not equilibrium displacement,29.006475491000494,30.187454542205167,0.012069593827242802,0.997731126295119,1533.7679194
griffiths_1999_foundation_critical15_davis,DAVIS,different_flow_control,PASS|,1.3437500000000004,1.3375000000000004,1.3500000000000003,1.3437500000000004,1.35,1.4,False,FLOW_CHANGED,LINE_SEARCH,0.99653931177706,2.25019757005023e-07,final full-load converged lower-Fs state,59.62116343108943,62.27410366926811,0.04526887780917382,0.9977300881996863,485.9029315
griffiths_1999_coarse_critical14,INCONSISTENT,baseline_flow_run,NONCONVERGED|非関連流れの全体反復が停滞しました。残差が許容値に達していないため増分を縮小します。,,1.3000000000000003,0,0,1.35,1.4,False,NOT_ESTABLISHED,GLOBAL_STAGNATION,0.9243748468986107,1.0085244542509146e-05,partial-load failed-trial diagnostic; not equilibrium displacement,13.023644497530643,13.568198164571838,0.012613199809075815,0.9984787621787621,2605.920969
griffiths_1999_coarse_critical14_davis,DAVIS,different_flow_control,PASS|,1.3437500000000004,1.3375000000000004,1.3500000000000003,1.3437500000000004,1.35,1.4,False,FLOW_CHANGED,NONE,0,5.107483335262545e-10,final full-load converged lower-Fs state,9.199568231325197,9.278233330999905,0.005185016677110723,0.9984836979105023,396.8065583
griffiths_1999_fine_critical14,INCONSISTENT,baseline_flow_run,NONCONVERGED|非関連流れの全体反復が停滞しました。残差が許容値に達していないため増分を縮小します。,,1.3000000000000003,0,0,1.35,1.4,False,NOT_ESTABLISHED,GLOBAL_STAGNATION,0.8979035312068636,1.0032982484802861e-05,partial-load failed-trial diagnostic; not equilibrium displacement,10.152244748870187,10.293132810647872,0.007967212213877965,0.9985089012550757,12342.730052899999
griffiths_1999_fine_critical14_davis,DAVIS,different_flow_control,PASS|,1.3312500000000003,1.3250000000000002,1.3375000000000004,1.3312500000000003,1.35,1.4,False,FLOW_CHANGED,LINE_SEARCH,0.9997839745440541,4.461501678419295e-06,final full-load converged lower-Fs state,8.824225537491314,8.863512996626998,0.00423300423953435,0.9984729548837974,2233.8785944
griffiths_1999_phi0_coarse_critical14,INCONSISTENT,baseline_flow_run,NONCONVERGED|CSR-GMRESが収束しませんでした。反復=2000、相対残差=8.857E-01,,1.4000000000000004,0,0,1.45,1.5,False,NOT_ESTABLISHED,LINEAR_SOLVER,0.9868340203270113,1.0423658152041191e-05,partial-load failed-trial diagnostic; not equilibrium displacement,19590.200987342654,19649.61231686275,9.785039919900747,-3.9575910362402484,486.9555769
griffiths_1999_phi0_coarse_critical14_davis,DAVIS,same_material_flow_solver_control,PASS|,1.4437500000000005,1.4375000000000004,1.4500000000000004,1.4437500000000005,1.45,1.5,True,PASS_SCREEN,NONE,0,6.082968815802412e-07,final full-load converged lower-Fs state,65.9807325785073,66.7869650383304,0.03238642777934408,0.9958280766344914,156.70541319999998
griffiths_1999_phi0_fine_critical14,INCONSISTENT,baseline_flow_run,NONCONVERGED|CSR-GMRESが収束しませんでした。反復=2000、相対残差=9.363E-01,,1.4000000000000004,0,0,1.45,1.5,False,NOT_ESTABLISHED,LINEAR_SOLVER,0.9772124540512086,1.0950756669394897e-05,partial-load failed-trial diagnostic; not equilibrium displacement,4038.6234106441234,4039.5444719214443,3.2728619940510453,0.6856982703502214,1693.3005927
griffiths_1999_phi0_fine_critical14_davis,DAVIS,same_material_flow_solver_control,PASS|,1.4437500000000005,1.4375000000000004,1.4500000000000004,1.4437500000000005,1.45,1.5,True,PASS_SCREEN,NONE,0,1.2258981396318056e-06,final full-load converged lower-Fs state,65.98976104135043,66.90374791539968,0.04752303916976448,0.995788227510937,824.8637947
pruska_h7_phi10_critical14_davis,DAVIS,different_flow_control,PASS|,1.2312500000000002,1.225,1.2375000000000003,1.2312500000000002,1.21,1.31,False,FLOW_CHANGED,LINE_SEARCH,0.9909256247598216,6.559646802405966e-11,final full-load converged lower-Fs state,701.9830268343782,725.2540906478166,0.2850863489892871,0.9389702017011076,472.0426528
pruska_h10.5_phi10_critical15_davis,DAVIS,different_flow_control,RUNTIME_ERROR|解析に失敗しました。,,0.0,0.0,0.0,0.83,0.91,False,NOT_ESTABLISHED,LINE_SEARCH,0.7247739257812499,6.092638401797809e-05,partial-load failed-trial diagnostic; not equilibrium displacement,741.1551002087579,761.574155254693,0.45999932000003496,0.948642708236108,37.7301733
pruska_h10.5_phi10_critical14,INCONSISTENT,baseline_flow_run,NONCONVERGED|非関連流れの全体反復が停滞しました。残差が許容値に達していないため増分を縮小します。,,0,0,0,0.83,0.91,False,NOT_ESTABLISHED,GLOBAL_STAGNATION,0.7640511241149903,1.010194539681876e-05,partial-load failed-trial diagnostic; not equilibrium displacement,67076.68773939737,67374.3323702229,52.85622233121097,-798.4180243920006,1067.0505715
pruska_h7_phi10_critical14,INCONSISTENT,baseline_flow_run,NONCONVERGED|非関連流れの全体反復が停滞しました。残差が許容値に達していないため増分を縮小します。,,1.2000000000000002,0,0,1.21,1.31,False,NOT_ESTABLISHED,GLOBAL_STAGNATION,0.9550395965576172,1.0009315334753083e-05,partial-load failed-trial diagnostic; not equilibrium displacement,75208.89412921599,76355.9734777005,52.21284602098818,-976.9312635214376,1250.158882
pruska_h7_phi20_critical14,INCONSISTENT,baseline_flow_run,NONCONVERGED|非関連流れの全体反復が停滞しました。残差が許容値に達していないため増分を縮小します。,,1.7000000000000006,0,0,1.64,1.71,False,NOT_ESTABLISHED,GLOBAL_STAGNATION,0.9104296340942384,1.0174726148734895e-05,partial-load failed-trial diagnostic; not equilibrium displacement,32875.314619067474,33091.92967430234,23.159211100661658,-172.51087191454783,1237.480312
pruska_h7_phi20_critical15_davis,DAVIS,different_flow_control,PASS|,1.6687500000000006,1.6625000000000005,1.6750000000000007,1.6687500000000006,1.64,1.71,False,FLOW_CHANGED,NONE,0.0,6.1840006378015135e-06,final full-load converged lower-Fs state,2262.858764376888,2291.9746649086546,1.8302940616783379,0.21185104491530943,584.6344278
pruska_h10.5_phi10_critical16_davis,DAVIS,different_flow_control,PASS|,0.80625,0.8,0.8125,0.80625,0.83,0.91,False,FLOW_CHANGED,LINE_SEARCH,0.9977351293224767,3.602453164487318e-10,final full-load converged lower-Fs state,794.559710525947,801.4900133430239,0.3786769048770449,0.9312963274926693,409.17232839999997
