case,status,flow_policy,elements,nodes,seconds,fos_pass,fos_fail,fos_mid,fos_bracket,relative_residual,reaction_x,reaction_y,max_displacement_abs_error,max_displacement_relative_error,max_stress_abs_error,max_stress_relative_error,reaction_abs_error,analytical_check_pass,umax,umax_vector,umax_over_slope_height,umax_vector_over_slope_height,expected_self_weight,vertical_reaction_balance_error,reference_fos,mid_difference_percent,limit_state_trial_count,converged_limit_state_trial_count,equivalent_yield_strength_pass,equivalent_yield_strength_fail,equivalent_yield_strength_mid,reference_min,reference_max,range_overlap
confined_combined,PASS|,INCONSISTENT,8,37,1.8498385,0,0,0,False,8.817756367208163e-16,-2.842170943040401e-14,559.9999999999999,1.2725931419765857e-13,6.3629657098829284e-12,1.2988343042623846e-09,9.566183964552802e-12,1.1368683772161603e-13,True,,,,,,,,,,,,,,,,
confined_gravity,PASS|,INCONSISTENT,8,37,1.8395648999999998,0,0,0,False,5.391687285755079e-16,0,159.99999999999997,1.1232334506949826e-14,3.3697003520849474e-12,2.0750512419454026e-10,5.800525768519341e-12,2.842170943040401e-14,True,,,,,,,,,,,,,,,,
confined_pressure,PASS|,INCONSISTENT,8,37,1.9861346,0,0,0,False,1.0148986438108857e-15,-3.197442310920451e-14,399.9999999999998,1.2725584475070661e-13,7.635350685042397e-12,1.2988110583431198e-09,1.2988110583431198e-11,2.2737367544323206e-13,True,,,,,,,,,,,,,,,,
griffiths_1999_coarse,PASS|,INCONSISTENT,200,661,344.7542011,0.925,0.9375,0.93125,True,1.3932677006510547e-13,-8.65085780787922e-13,4399.999999999999,,,,,,,0.007580634864237117,0.007581175559131542,0.0007580634864237116,0.0007581175559131543,4399.999999999999,0.0,1.4,-33.48214285714285,0,0,,,,,,
griffiths_1999_coarse_davis,PASS|,DAVIS,200,661,1516.7915120999999,1.3500000000000003,1.3625000000000003,1.3562500000000002,True,3.25314796376204e-06,0.00011089326156366042,4399.999707989751,,,,,,,0.052859363817611776,0.05382499514386072,0.005285936381761178,0.005382499514386073,4399.999999999999,0.0002920102479038178,1.4,-3.124999999999978,4,1,1.3982039663195764,1.4102767747615341,1.4042394361118742,,,
griffiths_1999_fine_davis,PASS|,DAVIS,450,1441,4526.4703201,1.3375000000000004,1.3500000000000003,1.3437500000000004,True,2.4996257189459013e-06,0.00010025261634538651,4399.99969292353,,,,,,,0.012740984825422715,0.0136971956382946,0.0012740984825422715,0.00136971956382946,4399.999999999996,0.0003070764660151326,1.4,-4.017857142857107,2,0,1.3861387309471571,1.3982039663195764,1.3921703896907862,,,
pruska_h10.5_phi10_davis,PASS|,DAVIS,240,789,4565.9017634,0.8250000000000001,0.83125,0.828125,True,7.156157313470715e-06,-2.3434653328990862e-08,12719.999999980702,,,,,,,30.367329825111618,30.837238394035577,2.8921266500106304,2.9368798470510074,12719.999999999982,1.9279468688182533e-08,,,5,1,0.8436327424452915,0.8497457070357952,0.846688974624545,0.83,0.91,True
pruska_h7_phi10_davis,PASS|,DAVIS,240,789,1894.1351293,1.2375000000000003,1.2500000000000002,1.2437500000000004,True,5.880041136626003e-06,9.498214623704371e-07,11040.000000118289,,,,,,,3.8686666855521987,3.9565707943893784,0.5526666693645998,0.5652243991984827,11039.999999999985,1.1830343282781541e-07,,,3,1,1.2499989816498909,1.2623752231906977,1.2561867960720507,1.21,1.31,True
pruska_h7_phi20_davis,PASS|,DAVIS,240,789,2415.3616712999997,1.6875000000000007,1.7000000000000006,1.6937500000000005,True,6.322362377031083e-06,-1.992042086840229e-10,11040.000000000353,,,,,,,31.539275907140716,32.65935030687426,4.505610843877245,4.665621472410608,11039.999999999985,3.67435859516263e-10,,,3,2,1.7263054716450956,1.738526482810025,1.7324154795925242,1.64,1.71,True
simple_shear,PASS|,INCONSISTENT,8,37,1.8130769,0,0,0,False,1.8888011543553425e-15,-199.99999999999994,1.550915247962364e-15,2.1399548799649892e-14,8.559819519859957e-13,6.54466931190379e-10,1.308933862380758e-11,5.684341886080802e-14,True,,,,,,,,,,,,,,,,
unconfined_pressure,PASS|,INCONSISTENT,8,37,1.8233998,0,0,0,False,1.0864219665726576e-15,5.629627288679624e-14,400,2.6365715166676296e-13,1.4061714755560692e-11,1.6228131681010708e-09,1.6228131681010708e-11,5.629627288679624e-14,True,,,,,,,,,,,,,,,,
