case,flow_policy,ver,fs,numerical_status,mechanical_status,elapsed_s,inc,newton,factor,reuse,umax,umax_over_H,limit_candidate,first_candidate_inc,first_candidate_umax,max_compliance_ratio,relres,energy,newton_policy,ls50_enabled,ls50_tried,ls50_ok,ls50_saved,ls50_gate_policy_reject,ls50_gate_disabled,ls50_gate_alpha_reject,ls50_gate_qls_reject,ls50_gate_cutback_reject,ls50_gate_active_reject,ls50_gate_residual_reject,ls50_gate_factor_invalid,band_kernel,factor_avg_ms,displacement_measure,equivalent_yield_strength_factor,slope_height,umax_over_slope_height,normalized_displacement,published_normalized_displacement,normalized_displacement_difference_percent
griffiths_1999_coarse,INCONSISTENT,20261009_BEST_03_R1,1.000,UNKNOWN,UNKNOWN,69.820,46,253,192,61,6.037E-03,6.037E-04,0,NA,NA,NA,2.204E-05,0.000E+00,NORMAL,0,0,0,0,32,0,0,0,0,0,0,0,NEW,293.701,maximum absolute free-DOF component (native log),1.0,10,0.0006037,0.30184999999999995,0.381,-20.774278215223106
griffiths_1999_coarse,INCONSISTENT,20261009_BEST_03_R1,1.000,FAILED,UNKNOWN,0.004,0,0,0,0,6.037E-03,6.037E-04,0,NA,NA,NA,2.204E-05,0.000E+00,NORMAL,0,0,0,0,0,0,0,0,0,0,0,0,NEW,NA,maximum absolute free-DOF component (native log),1.0,10,0.0006037,0.30184999999999995,0.381,-20.774278215223106
griffiths_1999_coarse,INCONSISTENT,20261009_BEST_03_R1,0.900,CONVERGED,STABLE,0.502,6,1,1,0,7.581E-03,7.581E-04,0,NA,NA,NA,1.374E-13,3.115E-16,ROBUST_SRM,1,0,0,0,0,0,0,0,0,0,0,0,NEW,310.547,maximum absolute free-DOF component (native log),0.9,10,0.0007581,0.37905,,
griffiths_1999_coarse,INCONSISTENT,20261009_BEST_03_R1,0.950,FAILED,UNKNOWN,149.166,123,588,403,185,7.132E-03,7.132E-04,0,NA,NA,NA,3.631E-05,0.000E+00,ROBUST_SRM,1,3,3,3,0,0,5,19,21,25,0,0,NEW,293.788,maximum absolute free-DOF component (native log),0.95,10,0.0007132,0.35660000000000003,,
griffiths_1999_coarse,INCONSISTENT,20261009_BEST_03_R1,0.925,CONVERGED,STABLE,0.492,6,1,1,0,7.581E-03,7.581E-04,0,NA,NA,NA,1.374E-13,3.115E-16,ROBUST_SRM,1,0,0,0,0,0,0,0,0,0,0,0,NEW,300.781,maximum absolute free-DOF component (native log),0.925,10,0.0007581,0.37905,,
griffiths_1999_coarse,INCONSISTENT,20261009_BEST_03_R1,0.938,FAILED,UNKNOWN,122.529,105,499,332,167,7.456E-03,7.456E-04,0,NA,NA,NA,1.077E-05,0.000E+00,ROBUST_SRM,1,3,3,3,0,0,11,23,17,7,0,0,NEW,291.769,maximum absolute free-DOF component (native log),0.938,10,0.0007456,0.3728,,
griffiths_1999_coarse_davis,DAVIS,20261009_BEST_03_R1,1.000,CONVERGED,STABLE,14.133,15,64,38,26,7.626E-03,7.626E-04,0,NA,NA,NA,1.774E-07,2.975E-11,NORMAL,0,0,0,0,7,0,0,0,0,0,0,0,NEW,288.703,maximum absolute free-DOF component (native log),1.064177772475912,10,0.0007626,0.38130000000000003,0.381,0.07874015748032814
griffiths_1999_coarse_davis,DAVIS,20261009_BEST_03_R1,1.000,CONVERGED,STABLE,0.002,0,0,0,0,7.626E-03,7.626E-04,0,NA,NA,NA,1.774E-07,2.975E-11,NORMAL,0,0,0,0,0,0,0,0,0,0,0,0,NEW,NA,maximum absolute free-DOF component (native log),1.064177772475912,10,0.0007626,0.38130000000000003,0.381,0.07874015748032814
griffiths_1999_coarse_davis,DAVIS,20261009_BEST_03_R1,1.100,CONVERGED,STABLE,11.793,14,61,29,32,7.810E-03,7.810E-04,0,NA,NA,NA,5.398E-06,4.086E-09,ROBUST_SRM,1,11,8,8,0,0,6,2,0,0,0,0,NEW,290.477,maximum absolute free-DOF component (native log),1.1586519457679232,10,0.000781,0.3905,,
griffiths_1999_coarse_davis,DAVIS,20261009_BEST_03_R1,1.200,CONVERGED,STABLE,23.566,25,115,60,55,8.086E-03,8.086E-04,0,NA,NA,NA,1.653E-07,5.223E-12,ROBUST_SRM,1,11,9,9,0,0,1,2,2,0,0,0,NEW,290.918,maximum absolute free-DOF component (native log),1.2539833856282923,10,0.0008085999999999999,0.40429999999999994,0.422,-4.194312796208544
griffiths_1999_coarse_davis,DAVIS,20261009_BEST_03_R1,1.300,CONVERGED,STABLE,26.861,30,150,64,86,8.509E-03,8.509E-04,0,NA,NA,NA,1.411E-06,6.370E-09,ROBUST_SRM,1,22,18,18,0,0,11,1,0,0,0,0,NEW,288.696,maximum absolute free-DOF component (native log),1.3499904930894122,10,0.0008508999999999999,0.42544999999999994,0.453,-6.081677704194277
griffiths_1999_coarse_davis,DAVIS,20261009_BEST_03_R1,1.400,FAILED,LIMIT_STATE,415.797,528,2209,970,1239,3.350E-01,3.350E-02,1,120,3.035E-02,2.479E+02,8.945E-06,0.000E+00,ROBUST_SRM,1,42,35,35,0,0,55,33,33,0,0,0,NEW,291.517,maximum absolute free-DOF component (native log),1.446538741766633,10,0.0335,16.75,1.476,1034.8238482384825
griffiths_1999_coarse_davis,DAVIS,20261009_BEST_03_R1,1.350,CONVERGED,LIMIT_STATE,123.342,160,661,295,366,5.286E-02,5.286E-03,1,120,3.063E-02,2.679E+01,3.209E-06,6.083E-08,ROBUST_SRM,1,26,19,19,0,0,19,16,0,0,0,0,NEW,291.572,maximum absolute free-DOF component (native log),1.3982039663195762,10,0.005286,2.643,0.544,385.84558823529403
griffiths_1999_coarse_davis,DAVIS,20261009_BEST_03_R1,1.375,FAILED,LIMIT_STATE,397.467,484,2164,922,1242,3.220E-01,3.220E-02,1,120,2.973E-02,2.630E+02,9.755E-06,0.000E+00,ROBUST_SRM,1,33,24,24,0,0,53,36,39,0,0,0,NEW,292.176,maximum absolute free-DOF component (native log),1.4223569634349158,10,0.0322,16.1,,
griffiths_1999_coarse_davis,DAVIS,20261009_BEST_03_R1,1.363,FAILED,LIMIT_STATE,501.518,592,2367,1168,1199,3.261E-01,3.261E-02,1,120,2.731E-02,7.550E+02,9.724E-06,0.000E+00,ROBUST_SRM,1,50,42,42,0,0,101,50,117,0,0,0,NEW,291.686,maximum absolute free-DOF component (native log),1.4107598418695488,10,0.03261,16.305,,
griffiths_1999_fine_davis,DAVIS,20261009_BEST_03_R1,1.000,CONVERGED,STABLE,114.039,26,107,75,32,7.625E-03,7.625E-04,0,NA,NA,NA,2.343E-07,1.719E-11,NORMAL,0,0,0,0,13,0,0,0,0,0,0,0,NEW,1352.734,maximum absolute free-DOF component (native log),1.064177772475912,10,0.0007624999999999999,0.38125,0.381,0.06561679790024755
griffiths_1999_fine_davis,DAVIS,20261009_BEST_03_R1,1.000,CONVERGED,STABLE,0.006,0,0,0,0,7.625E-03,7.625E-04,0,NA,NA,NA,2.343E-07,1.719E-11,NORMAL,0,0,0,0,0,0,0,0,0,0,0,0,NEW,NA,maximum absolute free-DOF component (native log),1.064177772475912,10,0.0007624999999999999,0.38125,0.381,0.06561679790024755
griffiths_1999_fine_davis,DAVIS,20261009_BEST_03_R1,1.100,CONVERGED,STABLE,140.602,35,159,90,69,7.808E-03,7.808E-04,0,NA,NA,NA,2.557E-06,7.820E-09,ROBUST_SRM,1,17,12,12,0,0,6,5,4,0,0,0,NEW,1347.222,maximum absolute free-DOF component (native log),1.1586519457679232,10,0.0007808,0.39039999999999997,,
griffiths_1999_fine_davis,DAVIS,20261009_BEST_03_R1,1.200,CONVERGED,STABLE,147.266,41,180,93,87,8.084E-03,8.084E-04,0,NA,NA,NA,6.263E-09,4.411E-12,ROBUST_SRM,1,23,18,18,0,0,3,4,4,0,0,0,NEW,1345.976,maximum absolute free-DOF component (native log),1.2539833856282923,10,0.0008083999999999999,0.40419999999999995,0.422,-4.2180094786729905
griffiths_1999_fine_davis,DAVIS,20261009_BEST_03_R1,1.300,CONVERGED,STABLE,195.467,46,224,122,102,8.518E-03,8.518E-04,0,NA,NA,NA,1.125E-06,3.883E-09,ROBUST_SRM,1,12,10,10,0,0,17,12,3,0,0,0,NEW,1344.582,maximum absolute free-DOF component (native log),1.3499904930894122,10,0.0008518,0.4259,0.453,-5.982339955849891
griffiths_1999_fine_davis,DAVIS,20261009_BEST_03_R1,1.400,FAILED,LIMIT_STATE,1557.918,546,2108,946,1162,2.207E-01,2.207E-02,1,140,1.258E-02,2.642E+03,1.070E-05,0.000E+00,ROBUST_SRM,1,57,41,41,0,0,55,49,8,0,0,0,NEW,1346.946,maximum absolute free-DOF component (native log),1.446538741766633,10,0.02207,11.035,1.476,647.6287262872629
griffiths_1999_fine_davis,DAVIS,20261009_BEST_03_R1,1.350,FAILED,LIMIT_STATE,1628.539,517,2098,995,1103,2.274E-01,2.274E-02,1,140,1.432E-02,2.109E+03,7.425E-06,0.000E+00,ROBUST_SRM,1,70,53,53,0,0,50,57,15,0,0,0,NEW,1347.105,maximum absolute free-DOF component (native log),1.3982039663195762,10,0.02274,11.37,0.544,1990.0735294117644
griffiths_1999_fine_davis,DAVIS,20261009_BEST_03_R1,1.325,CONVERGED,STABLE,253.033,68,311,157,154,8.823E-03,8.823E-04,0,NA,NA,NA,1.198E-07,4.785E-10,ROBUST_SRM,1,23,18,18,0,0,15,15,0,0,0,0,NEW,1343.775,maximum absolute free-DOF component (native log),1.3740812681321997,10,0.0008822999999999999,0.44115,,
griffiths_1999_fine_davis,DAVIS,20261009_BEST_03_R1,1.338,CONVERGED,STABLE,486.830,127,562,301,261,1.274E-02,1.274E-03,0,NA,NA,4.132E+01,2.477E-06,1.957E-08,ROBUST_SRM,1,61,47,47,0,0,39,27,0,0,0,0,NEW,1342.945,maximum absolute free-DOF component (native log),1.3866211924789678,10,0.001274,0.637,,
pruska_h10.5_phi10_davis,DAVIS,20261009_BEST_03_R1,1.000,UNKNOWN,UNKNOWN,527.602,602,2516,1048,1468,3.517E+01,1.901E+00,0,NA,NA,NA,8.531E-06,0.000E+00,NORMAL,0,0,0,0,79,0,0,0,0,0,0,0,NEW,352.917,maximum absolute free-DOF component (native log),1.015426611885745,10.5,3.34952380952381,,,
pruska_h10.5_phi10_davis,DAVIS,20261009_BEST_03_R1,1.000,FAILED,UNKNOWN,0.018,0,0,0,0,3.517E+01,1.901E+00,0,NA,NA,NA,8.531E-06,0.000E+00,NORMAL,0,0,0,0,0,0,0,0,0,0,0,0,NEW,NA,maximum absolute free-DOF component (native log),1.015426611885745,10.5,3.34952380952381,,,
pruska_h10.5_phi10_davis,DAVIS,20261009_BEST_03_R1,0.900,FAILED,LIMIT_STATE,768.865,846,3409,1517,1892,5.238E+01,2.832E+00,1,120,2.145E+00,9.826E+02,8.452E-06,0.000E+00,ROBUST_SRM,1,46,37,37,0,0,82,76,62,1,0,0,NEW,355.897,maximum absolute free-DOF component (native log),0.9171102464402867,10.5,4.988571428571428,,,
pruska_h10.5_phi10_davis,DAVIS,20261009_BEST_03_R1,0.800,CONVERGED,STABLE,59.500,54,256,121,135,7.943E-01,4.294E-02,0,NA,NA,NA,2.412E-06,2.423E-08,ROBUST_SRM,1,34,24,24,0,0,7,5,0,0,0,0,NEW,355.662,maximum absolute free-DOF component (native log),0.8192015650166713,10.5,0.07564761904761905,,,
pruska_h10.5_phi10_davis,DAVIS,20261009_BEST_03_R1,0.850,FAILED,LIMIT_STATE,899.578,1079,4248,1720,2528,7.774E+01,4.202E+00,1,120,2.129E+00,5.611E+02,9.458E-06,0.000E+00,ROBUST_SRM,1,50,40,40,0,0,124,75,77,1,0,0,NEW,360.208,maximum absolute free-DOF component (native log),0.8680963103975061,10.5,7.403809523809524,,,
pruska_h10.5_phi10_davis,DAVIS,20261009_BEST_03_R1,0.825,CONVERGED,LIMIT_STATE,475.813,521,2264,932,1332,3.037E+01,1.641E+00,1,120,2.299E+00,2.279E+02,7.104E-06,9.545E-08,ROBUST_SRM,1,32,24,24,0,0,15,38,0,0,0,0,NEW,361.089,maximum absolute free-DOF component (native log),0.8436327424452914,10.5,2.8923809523809525,,,
pruska_h10.5_phi10_davis,DAVIS,20261009_BEST_03_R1,0.838,FAILED,LIMIT_STATE,890.207,1057,4415,1703,2712,8.844E+01,4.780E+00,1,120,2.386E+00,7.660E+02,1.011E-05,0.000E+00,ROBUST_SRM,1,39,32,32,0,0,52,50,27,0,0,0,NEW,360.017,maximum absolute free-DOF component (native log),0.8563499308844272,10.5,8.422857142857143,,,
pruska_h10.5_phi10_davis,DAVIS,20261009_BEST_03_R1,0.831,FAILED,LIMIT_STATE,941.906,998,4112,1821,2291,6.768E+01,3.659E+00,1,120,2.448E+00,1.283E+03,9.455E-06,0.000E+00,ROBUST_SRM,1,37,26,26,0,0,98,76,163,0,0,0,NEW,361.100,maximum absolute free-DOF component (native log),0.8495011501615306,10.5,6.445714285714287,,,
pruska_h7_phi10_davis,DAVIS,20261009_BEST_03_R1,1.000,CONVERGED,STABLE,15.174,15,67,32,35,4.941E-01,3.294E-02,0,NA,NA,NA,8.536E-06,8.598E-09,NORMAL,0,0,0,0,7,0,0,0,0,0,0,0,NEW,352.234,maximum absolute free-DOF component (native log),1.015426611885745,7,0.07058571428571428,,,
pruska_h7_phi10_davis,DAVIS,20261009_BEST_03_R1,1.000,CONVERGED,STABLE,0.004,0,0,0,0,4.941E-01,3.294E-02,0,NA,NA,NA,8.536E-06,8.598E-09,NORMAL,0,0,0,0,0,0,0,0,0,0,0,0,NEW,NA,maximum absolute free-DOF component (native log),1.015426611885745,7,0.07058571428571428,,,
pruska_h7_phi10_davis,DAVIS,20261009_BEST_03_R1,1.100,CONVERGED,STABLE,19.770,18,91,40,51,5.293E-01,3.529E-02,0,NA,NA,NA,4.130E-06,3.154E-10,ROBUST_SRM,1,14,8,8,0,0,1,0,0,1,0,0,NEW,351.660,maximum absolute free-DOF component (native log),1.1140427299371256,7,0.07561428571428572,,,
pruska_h7_phi10_davis,DAVIS,20261009_BEST_03_R1,1.200,CONVERGED,STABLE,49.869,43,214,100,114,5.787E-01,3.858E-02,0,NA,NA,NA,6.237E-06,5.335E-08,ROBUST_SRM,1,21,18,18,0,0,4,6,0,0,0,0,NEW,351.465,maximum absolute free-DOF component (native log),1.212885486814713,7,0.08267142857142858,,,
pruska_h7_phi10_davis,DAVIS,20261009_BEST_03_R1,1.300,FAILED,LIMIT_STATE,836.541,881,3463,1634,1829,3.646E+01,2.430E+00,1,120,1.501E+00,1.233E+03,1.025E-05,0.000E+00,ROBUST_SRM,1,30,22,22,0,0,125,67,132,1,0,0,NEW,351.851,maximum absolute free-DOF component (native log),1.3119036565715347,7,5.208571428571429,,,
pruska_h7_phi10_davis,DAVIS,20261009_BEST_03_R1,1.250,FAILED,LIMIT_STATE,705.084,726,3176,1378,1798,3.367E+01,2.244E+00,1,120,1.257E+00,2.685E+03,9.203E-06,0.000E+00,ROBUST_SRM,1,39,31,31,0,0,46,54,27,0,0,0,NEW,351.159,maximum absolute free-DOF component (native log),1.2623752231906975,7,4.8100000000000005,,,
pruska_h7_phi10_davis,DAVIS,20261009_BEST_03_R1,1.225,CONVERGED,STABLE,67.844,61,298,135,163,7.014E-01,4.676E-02,0,NA,NA,NA,9.422E-06,6.785E-08,ROBUST_SRM,1,27,21,21,0,0,2,6,0,0,0,0,NEW,349.884,maximum absolute free-DOF component (native log),1.23762522765406,7,0.1002,,,
pruska_h7_phi10_davis,DAVIS,20261009_BEST_03_R1,1.238,CONVERGED,LIMIT_STATE,197.471,193,872,395,477,3.869E+00,2.579E-01,1,120,1.636E+00,1.160E+02,5.838E-06,1.117E-07,ROBUST_SRM,1,38,27,27,0,0,7,12,0,0,0,0,NEW,350.094,maximum absolute free-DOF component (native log),1.2504939840422118,7,0.5527142857142857,,,
pruska_h7_phi20_davis,DAVIS,20261009_BEST_03_R1,1.000,CONVERGED,STABLE,4.000,7,17,9,8,4.117E-01,2.744E-02,0,NA,NA,NA,3.750E-09,6.831E-14,NORMAL,0,0,0,0,1,0,0,0,0,0,0,0,NEW,344.835,maximum absolute free-DOF component (native log),1.064177772475912,7,0.058814285714285715,,,
pruska_h7_phi20_davis,DAVIS,20261009_BEST_03_R1,1.000,CONVERGED,STABLE,0.016,0,0,0,0,4.117E-01,2.744E-02,0,NA,NA,NA,3.750E-09,6.831E-14,NORMAL,0,0,0,0,0,0,0,0,0,0,0,0,NEW,NA,maximum absolute free-DOF component (native log),1.064177772475912,7,0.058814285714285715,,,
pruska_h7_phi20_davis,DAVIS,20261009_BEST_03_R1,1.100,CONVERGED,STABLE,11.383,13,53,24,29,4.178E-01,2.786E-02,0,NA,NA,NA,4.674E-07,1.062E-09,ROBUST_SRM,1,11,7,7,0,0,0,0,0,1,0,0,NEW,348.877,maximum absolute free-DOF component (native log),1.1586519457679232,7,0.059685714285714286,,,
pruska_h7_phi20_davis,DAVIS,20261009_BEST_03_R1,1.200,CONVERGED,STABLE,10.555,10,41,23,18,4.282E-01,2.855E-02,0,NA,NA,NA,3.948E-06,2.532E-08,ROBUST_SRM,1,2,2,2,0,0,2,2,0,0,0,0,NEW,354.025,maximum absolute free-DOF component (native log),1.2539833856282923,7,0.06117142857142858,,,
pruska_h7_phi20_davis,DAVIS,20261009_BEST_03_R1,1.300,CONVERGED,STABLE,15.115,14,66,32,34,4.417E-01,2.945E-02,0,NA,NA,NA,3.754E-08,5.661E-11,ROBUST_SRM,1,7,5,5,0,0,0,0,0,1,0,0,NEW,355.469,maximum absolute free-DOF component (native log),1.3499904930894122,7,0.0631,,,
pruska_h7_phi20_davis,DAVIS,20261009_BEST_03_R1,1.400,CONVERGED,STABLE,16.910,15,73,35,38,4.576E-01,3.051E-02,0,NA,NA,NA,3.140E-06,2.420E-09,ROBUST_SRM,1,15,10,10,0,0,1,0,0,0,0,0,NEW,349.386,maximum absolute free-DOF component (native log),1.446538741766633,7,0.06537142857142857,,,
pruska_h7_phi20_davis,DAVIS,20261009_BEST_03_R1,1.500,CONVERGED,STABLE,26.338,24,117,55,62,4.752E-01,3.168E-02,0,NA,NA,NA,4.501E-07,2.322E-10,ROBUST_SRM,1,2,2,2,0,0,1,0,0,1,0,0,NEW,352.131,maximum absolute free-DOF component (native log),1.5435265891560774,7,0.06788571428571429,,,
pruska_h7_phi20_davis,DAVIS,20261009_BEST_03_R1,1.600,CONVERGED,STABLE,46.953,40,192,96,96,4.953E-01,3.302E-02,0,NA,NA,NA,1.512E-07,2.850E-10,ROBUST_SRM,1,21,15,15,0,0,4,1,0,0,0,0,NEW,350.484,maximum absolute free-DOF component (native log),1.6408760865561405,7,0.07075714285714287,,,
pruska_h7_phi20_davis,DAVIS,20261009_BEST_03_R1,1.700,FAILED,LIMIT_STATE,1218.898,1249,5180,2481,2699,7.351E+01,4.901E+00,1,120,1.472E+00,3.254E+03,9.603E-06,0.000E+00,ROBUST_SRM,1,30,22,22,0,0,53,46,29,0,0,0,NEW,350.264,maximum absolute free-DOF component (native log),1.7385264828100244,7,10.501428571428573,,,
pruska_h7_phi20_davis,DAVIS,20261009_BEST_03_R1,1.650,CONVERGED,STABLE,88.771,84,389,177,212,7.553E-01,5.036E-02,0,NA,NA,8.729E+00,5.629E-07,2.825E-09,ROBUST_SRM,1,39,26,26,0,0,5,6,0,0,0,0,NEW,350.338,maximum absolute free-DOF component (native log),1.6896669291407092,7,0.1079,,,
pruska_h7_phi20_davis,DAVIS,20261009_BEST_03_R1,1.675,CONVERGED,LIMIT_STATE,267.389,294,1268,522,746,6.210E+00,4.140E-01,1,120,1.523E+00,7.713E+01,8.812E-06,1.259E-07,ROBUST_SRM,1,33,26,26,0,0,4,8,0,0,0,0,NEW,350.919,maximum absolute free-DOF component (native log),1.7140884841313748,7,0.8871428571428571,,,
pruska_h7_phi20_davis,DAVIS,20261009_BEST_03_R1,1.688,CONVERGED,LIMIT_STATE,706.529,762,3273,1395,1878,3.154E+01,2.103E+00,1,120,1.665E+00,8.846E+02,6.277E-06,2.995E-08,ROBUST_SRM,1,34,27,27,0,0,36,40,29,0,0,0,NEW,350.675,maximum absolute free-DOF component (native log),1.7267942354061163,7,4.505714285714285,,,
