source_csv_line,trial_id,increment,attempt_id,fs_value,lambda_start_value,lambda_target_value,planned_step_value,iterations_value,accepted_value,outcome,step_action,failure_reason,relative_residual
241,7,1,240,1.35,0.0,0.1,0.1,1,True,ACCEPT,GROW_1_5,,3.165385468142E-14
242,7,2,241,1.35,0.1,0.25,0.15,0,True,ACCEPT,GROW_1_5|MAX_CAP,,7.959085439806E-14
243,7,3,242,1.35,0.25,0.45,0.2,18,True,ACCEPT,SHRINK_0_5,,8.578814105269E-09
244,7,4,243,1.35,0.45,0.55,0.1,30,True,ACCEPT,SHRINK_0_5,,2.767051687070E-10
245,7,5,244,1.35,0.55,0.6,0.05,4,True,ACCEPT,KEEP,,1.151874763399E-06
246,7,6,245,1.35,0.6,0.65,0.05,6,True,ACCEPT,SHRINK_0_7,,4.400910619712E-10
247,7,7,246,1.35,0.65,0.685,0.035,100,False,ELASTIC_RETRY,RETRY_SAME_TARGET,GLOBAL_ITERATION_LIMIT,6.797581568958E-05
248,7,7,247,1.35,0.65,0.685,0.035,1000,False,CUTBACK,CUTBACK,GLOBAL_ITERATION_LIMIT,3.614070151638E-05
249,7,7,248,1.35,0.65,0.6675,0.0175,5,True,ACCEPT,KEEP,,8.337292337868E-06
250,7,8,249,1.35,0.6675,0.685,0.0175,100,False,ELASTIC_RETRY,RETRY_SAME_TARGET,GLOBAL_ITERATION_LIMIT,6.923891708810E-05
251,7,8,250,1.35,0.6675,0.685,0.0175,850,False,CUTBACK,CUTBACK,LINESEARCH_NO_REDUCTION,3.860572337215E-05
252,7,8,251,1.35,0.6675,0.67625,0.00875,5,True,ACCEPT,KEEP,,2.037919100919E-09
253,7,9,252,1.35,0.67625,0.685,0.00875,64,True,ACCEPT,SHRINK_0_5,,2.256734996811E-07
254,7,10,253,1.35,0.685,0.689375,0.004375,4,True,ACCEPT,KEEP,,2.671024155676E-07
255,7,11,254,1.35,0.689375,0.69375,0.004375,2,True,ACCEPT,GROW_1_5,,2.612723286495E-08
256,7,12,255,1.35,0.69375,0.7003125,0.0065625,2,True,ACCEPT,GROW_1_5,,3.625814322996E-09
257,7,13,256,1.35,0.7003125,0.71015625,0.00984375,2,True,ACCEPT,GROW_1_5,,7.783628072923E-11
258,7,14,257,1.35,0.71015625,0.724921875,0.014765625,3,True,ACCEPT,KEEP,,3.335440498001E-09
259,7,15,258,1.35,0.724921875,0.7396875,0.014765625,2,True,ACCEPT,GROW_1_5,,3.797685904346E-09
260,7,16,259,1.35,0.7396875,0.7618359375,0.0221484375,3,True,ACCEPT,KEEP,,1.626243321993E-08
261,7,17,260,1.35,0.7618359375,0.783984375,0.0221484375,3,True,ACCEPT,KEEP,,2.914412828706E-09
262,7,18,261,1.35,0.783984375,0.8061328125,0.0221484375,3,True,ACCEPT,KEEP,,1.901157485377E-08
263,7,19,262,1.35,0.8061328125,0.82828125,0.0221484375,4,True,ACCEPT,KEEP,,2.496703783148E-06
264,7,20,263,1.35,0.82828125,0.8504296875,0.0221484375,3,True,ACCEPT,KEEP,,3.536548981271E-07
265,7,21,264,1.35,0.8504296875,0.872578125,0.0221484375,13,True,ACCEPT,SHRINK_0_5,,1.771098124435E-09
266,7,22,265,1.35,0.872578125,0.88365234375,0.01107421875,4,True,ACCEPT,KEEP,,6.949332598679E-07
267,7,23,266,1.35,0.88365234375,0.8947265625,0.01107421875,9,True,ACCEPT,SHRINK_0_5,,9.459020293448E-07
268,7,24,267,1.35,0.8947265625,0.900263671875,0.005537109375,5,True,ACCEPT,KEEP,,2.959136244484E-08
269,7,25,268,1.35,0.900263671875,0.90580078125,0.005537109375,3,True,ACCEPT,KEEP,,2.261536131343E-07
270,7,26,269,1.35,0.90580078125,0.911337890625,0.005537109375,3,True,ACCEPT,KEEP,,2.806714033538E-08
271,7,27,270,1.35,0.911337890625,0.916875,0.005537109375,2,True,ACCEPT,GROW_1_5,,2.438888128653E-06
272,7,28,271,1.35,0.916875,0.9251806640625,0.0083056640625,5,True,ACCEPT,KEEP,,7.336236045091E-06
273,7,29,272,1.35,0.9251806640625,0.933486328125,0.0083056640625,7,True,ACCEPT,SHRINK_0_7,,1.627512861893E-09
274,7,30,273,1.35,0.933486328125,0.9393002929688,0.00581396484375,5,True,ACCEPT,KEEP,,1.658846854837E-09
275,7,31,274,1.35,0.9393002929688,0.9451142578125,0.00581396484375,4,True,ACCEPT,KEEP,,8.351646903421E-07
276,7,32,275,1.35,0.9451142578125,0.9509282226563,0.00581396484375,4,True,ACCEPT,KEEP,,1.656391047264E-09
277,7,33,276,1.35,0.9509282226563,0.9567421875,0.00581396484375,6,True,ACCEPT,SHRINK_0_7,,4.742183461706E-10
278,7,34,277,1.35,0.9567421875,0.9608119628906,0.004069775390625,3,True,ACCEPT,KEEP,,5.228577856050E-06
279,7,35,278,1.35,0.9608119628906,0.9648817382813,0.004069775390625,100,False,BASELINE_RETRY,RETRY_SAME_TARGET,GLOBAL_ITERATION_LIMIT,3.283969546874E-05
280,7,35,279,1.35,0.9608119628906,0.9648817382813,0.004069775390625,100,False,ELASTIC_RETRY,RETRY_SAME_TARGET,GLOBAL_ITERATION_LIMIT,1.852863394366E-05
281,7,35,280,1.35,0.9608119628906,0.9648817382813,0.004069775390625,1000,False,CUTBACK,CUTBACK,GLOBAL_ITERATION_LIMIT,9.550476509283E-05
282,7,35,281,1.35,0.9608119628906,0.9628468505859,0.002034887695313,7,True,ACCEPT,SHRINK_0_7,,1.544161348173E-07
283,7,36,282,1.35,0.9628468505859,0.9642712719727,0.001424421386719,8,True,ACCEPT,SHRINK_0_7,,6.517584419831E-06
284,7,37,283,1.35,0.9642712719727,0.9652683669434,0.0009970949707031,13,True,ACCEPT,SHRINK_0_5,,2.653914413508E-09
285,7,38,284,1.35,0.9652683669434,0.9657669144287,0.0004985474853516,3,True,ACCEPT,KEEP,,6.769413422361E-07
286,7,39,285,1.35,0.9657669144287,0.9662654619141,0.0004985474853516,4,True,ACCEPT,KEEP,,3.706021284833E-08
287,7,40,286,1.35,0.9662654619141,0.9667640093994,0.0004985474853516,2,True,ACCEPT,GROW_1_5,,7.848098896176E-06
288,7,41,287,1.35,0.9667640093994,0.9675118306274,0.0007478212280273,3,True,ACCEPT,KEEP,,1.509853659636E-08
289,7,42,288,1.35,0.9675118306274,0.9682596518555,0.0007478212280273,3,True,ACCEPT,KEEP,,7.807541920507E-11
290,7,43,289,1.35,0.9682596518555,0.9690074730835,0.0007478212280273,2,True,ACCEPT,GROW_1_5,,1.562565534737E-10
291,7,44,290,1.35,0.9690074730835,0.9701292049255,0.001121731842041,3,True,ACCEPT,KEEP,,1.698039258386E-08
292,7,45,291,1.35,0.9701292049255,0.9712509367676,0.001121731842041,3,True,ACCEPT,KEEP,,4.764637869288E-09
293,7,46,292,1.35,0.9712509367676,0.9723726686096,0.001121731842041,4,True,ACCEPT,KEEP,,9.390759012966E-07
294,7,47,293,1.35,0.9723726686096,0.9734944004517,0.001121731842041,3,True,ACCEPT,KEEP,,7.305874898553E-06
295,7,48,294,1.35,0.9734944004517,0.9746161322937,0.001121731842041,5,True,ACCEPT,KEEP,,4.070498573958E-07
296,7,49,295,1.35,0.9746161322937,0.9757378641357,0.001121731842041,9,True,ACCEPT,SHRINK_0_5,,9.477011126996E-06
297,7,50,296,1.35,0.9757378641357,0.9762987300568,0.0005608659210205,4,True,ACCEPT,KEEP,,2.713016518104E-07
298,7,51,297,1.35,0.9762987300568,0.9768595959778,0.0005608659210205,3,True,ACCEPT,KEEP,,4.029496895907E-06
299,7,52,298,1.35,0.9768595959778,0.9774204618988,0.0005608659210205,3,True,ACCEPT,KEEP,,7.973089581930E-08
300,7,53,299,1.35,0.9774204618988,0.9779813278198,0.0005608659210205,3,True,ACCEPT,KEEP,,2.212532132743E-09
301,7,54,300,1.35,0.9779813278198,0.9785421937408,0.0005608659210205,2,True,ACCEPT,GROW_1_5,,2.337523605511E-08
302,7,55,301,1.35,0.9785421937408,0.9793834926224,0.0008412988815308,3,True,ACCEPT,KEEP,,4.700434184958E-09
303,7,56,302,1.35,0.9793834926224,0.9802247915039,0.0008412988815308,2,True,ACCEPT,GROW_1_5,,2.981165878927E-06
304,7,57,303,1.35,0.9802247915039,0.9814867398262,0.001261948322296,3,True,ACCEPT,KEEP,,1.118422230410E-07
305,7,58,304,1.35,0.9814867398262,0.9827486881485,0.001261948322296,4,True,ACCEPT,KEEP,,8.915854930456E-06
306,7,59,305,1.35,0.9827486881485,0.9840106364708,0.001261948322296,5,True,ACCEPT,KEEP,,3.730372031980E-06
307,7,60,306,1.35,0.9840106364708,0.9852725847931,0.001261948322296,4,True,ACCEPT,KEEP,,1.075820679789E-06
308,7,61,307,1.35,0.9852725847931,0.9865345331154,0.001261948322296,2,True,ACCEPT,GROW_1_5,,3.028322870635E-06
309,7,62,308,1.35,0.9865345331154,0.9884274555988,0.001892922483444,7,True,ACCEPT,SHRINK_0_7,,2.370066335127E-07
310,7,63,309,1.35,0.9884274555988,0.9897525013372,0.001325045738411,5,True,ACCEPT,KEEP,,1.292983518887E-08
311,7,64,310,1.35,0.9897525013372,0.9910775470757,0.001325045738411,3,True,ACCEPT,KEEP,,1.041305312099E-08
312,7,65,311,1.35,0.9910775470757,0.9924025928141,0.001325045738411,4,True,ACCEPT,KEEP,,5.335349612770E-09
313,7,66,312,1.35,0.9924025928141,0.9937276385525,0.001325045738411,10,True,ACCEPT,SHRINK_0_5,,8.853333348190E-06
314,7,67,313,1.35,0.9937276385525,0.9943901614217,0.0006625228692055,100,False,ELASTIC_RETRY,RETRY_SAME_TARGET,GLOBAL_ITERATION_LIMIT,3.259569404310E-05
315,7,67,314,1.35,0.9937276385525,0.9943901614217,0.0006625228692055,1000,False,CUTBACK,CUTBACK,GLOBAL_ITERATION_LIMIT,1.062305455829E-04
316,7,67,315,1.35,0.9937276385525,0.9940588999871,0.0003312614346027,13,True,ACCEPT,SHRINK_0_5,,8.344636821084E-06
317,7,68,316,1.35,0.9940588999871,0.9942245307044,0.0001656307173014,8,True,ACCEPT,SHRINK_0_7,,8.889916275626E-06
318,7,69,317,1.35,0.9942245307044,0.9943404722065,0.000115941502111,100,False,ELASTIC_RETRY,RETRY_SAME_TARGET,GLOBAL_ITERATION_LIMIT,1.295126451287E-05
319,7,69,318,1.35,0.9942245307044,0.9943404722065,0.000115941502111,351,False,CUTBACK,CUTBACK,LINESEARCH_NO_REDUCTION,5.521233302968E-05
320,7,69,319,1.35,0.9942245307044,0.9942825014554,5.797075105548e-05,100,False,ELASTIC_RETRY,RETRY_SAME_TARGET,GLOBAL_ITERATION_LIMIT,1.011516973869E-05
321,7,69,320,1.35,0.9942245307044,0.9942825014554,5.797075105548e-05,33,False,CUTBACK,CUTBACK,LINESEARCH_NO_REDUCTION,5.142963941871E-05
322,7,69,321,1.35,0.9942245307044,0.9942535160799,2.898537552774e-05,47,True,ACCEPT,SHRINK_0_5,,9.930775069162E-06
323,7,70,322,1.35,0.9942535160799,0.9942680087677,1.449268776387e-05,37,True,ACCEPT,SHRINK_0_5,,9.947561561606E-06
324,7,71,323,1.35,0.9942680087677,0.9942752551116,7.246343881935e-06,61,True,ACCEPT,SHRINK_0_5,,9.992886113860E-06
325,7,72,324,1.35,0.9942752551116,0.9942788782835,3.623171940967e-06,100,False,ELASTIC_RETRY,RETRY_SAME_TARGET,GLOBAL_ITERATION_LIMIT,1.008848949087E-05
326,7,72,325,1.35,0.9942752551116,0.9942788782835,3.623171940967e-06,33,False,CUTBACK,CUTBACK,LINESEARCH_NO_REDUCTION,1.078827837485E-05
327,7,72,326,1.35,0.9942752551116,0.9942770666975,1.811585970484e-06,77,True,ACCEPT,SHRINK_0_5|MIN_FLOOR,,9.968835068407E-06
328,7,73,327,1.35,0.9942770666975,0.9942780666975,1e-06,100,False,ELASTIC_RETRY,RETRY_SAME_TARGET,GLOBAL_ITERATION_LIMIT,1.002520220073E-05
329,7,73,328,1.35,0.9942770666975,0.9942780666975,1e-06,32,False,FINAL_FAILURE,RETRY_OR_MIN_STEP_LIMIT,LINESEARCH_NO_REDUCTION,1.008191736346E-05
