variant,internal_id,scope,elapsed_s,status,pass_fs,fail_fs,final_fs,final_width,newton,factor,notes
V0,BASE,full,4130.398,measured,2.2625,2.275,2.2625,0.0125,12424,8016,all_off_reference
V1,V1,full,3208.773,single_measurement,NA,NA,NA,NA,11967,5962,quoted_in_combination_evaluation
V2,V2a+V2b,full,3538.613,single_measurement_source_missing,NA,NA,NA,NA,NA,6589,quoted_in_combination_evaluation_V2b_adoption_0
V4,V4,full,NA,tried_original_log_missing,NA,NA,NA,NA,NA,NA,elapsed_not_reconfirmable
V1+V2a,V1+V2a,full,3096.354,measured,2.275,2.2875,2.275,0.0125,13082,5496,fastest_fixed_candidate_single_run
V1+V4,V1+V4,full,3568.928,measured,2.275,2.2875,2.275,0.0125,13061,6469,440_accept_986_reject
V2a+V4,V2a+V4,full,3680.353,measured,2.2625,2.275,2.2625,0.0125,12973,6707,measured_combination
V1+V2a+V4,V1+V2a+V4,full,3664.000,measured,2.275,2.2875,2.275,0.0125,13175,6318,18.33_percent_slower_than_V1_V2a
adaptive,ADAPT_01,full,3099.930,measured,2.275,2.2875,2.275,0.0125,13006,5479,one_run
adaptive_split,ADAPT_02,full,3127.797,measured,2.275,2.2875,2.275,0.0125,12814,5596,one_run
adaptive_policy,ADAPT_03,full,2929.445,measured,2.275,2.2875,2.275,0.0125,11825,5198,series_minimum_one_run
adaptive_policy2,ADAPT_04,full,3124.238,measured,2.275,2.2875,2.275,0.0125,12762,5453,stepwise_long_pause
adaptive_policy3,ADAPT_05,full,2973.844,measured,2.275,2.2875,2.275,0.0125,11825,5198,fixed_16_pause_control
adaptive_policy4,ADAPT_06,full,3969.719,measured,2.275,2.2875,2.275,NA,15033,7162,step_recovery_rejected
adaptive_policy5,ADAPT_07,full,3770.916,measured_rejected,2.275,2.2875,2.275,0.0125,14966,6638,28.72_percent_slower_than_ADAPT03
practical,BEST_03,small_model_only,NA,ADAPT03_restored_full_performance_unmeasured,NA,NA,NA,NA,NA,NA,practical_fixes_and_diagnostics_retained_recovery_OFF
V2b,V2b,full,NA,measured_previous_series_adoption_0,NA,NA,NA,NA,NA,NA,source_log_missing
V3,V3,full,NA,tried_original_log_missing,NA,NA,NA,NA,NA,NA,elapsed_not_reconfirmable
V5,V5,full,NA,partial_trial_no_completion,NA,NA,NA,NA,NA,NA,completion_time_unconfirmed
